OPENADMET_CANONICAL_SMILES,PXR_pEC50,source,dataset,InChI
Cc1c(C)c2c(c(C)c1O)CCC(C)(COc1ccc(CC3SC(=O)NC3=O)cc1)O2,5.05,ChEMBL,train,GXPHKUHSUJUWKP-UHFFFAOYSA-N
CO[C@H]1C[C@@H]2CC[C@@H](C)[C@@](O)(O2)C(=O)C(=O)N2CCCC[C@H]2C(=O)O[C@H]([C@H](C)C[C@@H]2CC[C@@H](O)[C@H](OC)C2)CC(=O)[C@H](C)/C=C(\C)[C@@H](O)[C@@H](OC)C(=O)[C@H](C)C[C@H](C)/C=C/C=C/C=C/1C,5.525,ChEMBL,train,QFJCIRLUMZQUOT-HPLJOQBZSA-N
C=CC[C@@H]1/C=C(\C)C[C@H](C)C[C@H](OC)[C@H]2O[C@@](O)(C(=O)C(=O)N3CCCC[C@H]3C(=O)O[C@H](/C(C)=C/[C@@H]3CC[C@@H](O)[C@H](OC)C3)[C@H](C)[C@@H](O)CC1=O)[C@H](C)C[C@@H]2OC,5.3,ChEMBL,train,QJJXYPPXXYFBGM-LFZNUXCKSA-N
CC1(COc2ccc(CC3SC(=O)NC3=O)cc2)CCCCC1,5.0,ChEMBL,train,YZFWTZACSRHJQD-UHFFFAOYSA-N
CC/C=C\C/C=C\C/C=C\CCCCCCCC(=O)O,7.1499999999999995,ChEMBL,train,DTOSIQBPPRVQHS-PDBXOOCHSA-N
CCCCCc1cc(O)c2c(c1)OC(C)(C)[C@@H]1CCC(C)=C[C@@H]21,4.9,ChEMBL,train,CYQFCXCEBYINGO-IAGOWNOFSA-N
O=C(c1ccc(OCCN2CCCCC2)cc1)c1c(-c2ccc(O)cc2)sc2cc(O)ccc12,4.93,ChEMBL,train,GZUITABIAKMVPG-UHFFFAOYSA-N
C[C@@H]1CC[C@H]2[C@@H](C)C(=O)O[C@@H]3O[C@@]4(C)CC[C@@H]1[C@]32OO4,4.52,ChEMBL,train,BLUAFEHZUWYNDE-NNWCWBAJSA-N
O=C(CCCCCCC(=O)Nc1ccccc1)NO,4.525,ChEMBL,train,WAEXFXRVDQXREF-UHFFFAOYSA-N
O=c1[nH]c2ccccc2n1CCCN1CCN(C(c2ccccc2)c2ccccc2)CC1,5.305,ChEMBL,train,BAINIUMDFURPJM-UHFFFAOYSA-N
Clc1ccccc1C(c1ccccc1)(c1ccccc1)n1ccnc1,5.57,ChEMBL,train,VNFPBHJOKIVQEB-UHFFFAOYSA-N
CCC(=O)N(c1ccccc1)C1CCN(CCc2ccccc2)CC1,4.5,ChEMBL,train,PJMPHNIQZUBGLI-UHFFFAOYSA-N
COc1cc(C(=O)NS(=O)(=O)c2ccccc2C)ccc1Cc1cn(C)c2ccc(NC(=O)OC3CCCC3)cc12,4.935,ChEMBL,train,YEEZWCHGZNKEEK-UHFFFAOYSA-N
C[C@H]1C[C@@H]2[C@H]([C@@H](O)C[C@@]3(C)[C@H]2CC[C@]3(O)C(=O)CO)[C@@]2(C)C=CC(=O)C=C12,4.9,ChEMBL,train,VHRSUDSXCMQTMA-PJHHCJLFSA-N
Cc1ccc(C(=O)Nc2ccc(S(=O)(=O)O)c3cc(S(=O)(=O)O)cc(S(=O)(=O)O)c23)cc1NC(=O)c1cccc(NC(=O)Nc2cccc(C(=O)Nc3cc(C(=O)Nc4ccc(S(=O)(=O)O)c5cc(S(=O)(=O)O)cc(S(=O)(=O)O)c45)ccc3C)c2)c1,5.89,ChEMBL,train,FIAFUQMPZJWCLV-UHFFFAOYSA-N
CC[C@@H]1Cc2cc(O)ccc2C2=C1c1ccc(O)cc1C[C@H]2CC,5.07,ChEMBL,train,MASYAWHPJCQLSW-ZIAGYGMSSA-N
Cc1cc(CCCOc2c(C)cc(-c3noc(C(F)(F)F)n3)cc2C)on1,6.6,ChEMBL,train,KQOXLKOJHVFTRN-UHFFFAOYSA-N
Oc1c(Cl)cc(Cl)cc1Sc1cc(Cl)cc(Cl)c1O,5.45,ChEMBL,train,JFIOVJDNOJYLKP-UHFFFAOYSA-N
N#CC(c1ccc(Cl)cc1)c1c(Cl)cc(-n2ncc(=O)[nH]c2=O)cc1Cl,4.5,ChEMBL,train,ZSZFUDFOPOMEET-UHFFFAOYSA-N
COC(=O)Nc1nc2cc(Sc3ccccc3)ccc2[nH]1,5.0,ChEMBL,train,HDDSHPAODJUKPD-UHFFFAOYSA-N
Cc1cc(C)cc(C(=O)OC2CC3CCC(C2)N3C)c1,4.85,ChEMBL,train,HDDNYFLPWFSBLN-UHFFFAOYSA-N
CCCN(CC1CC1)c1nc(C)nc(Nc2c(Cl)cc(Cl)cc2Cl)c1Cl,5.3,ChEMBL,train,KNADXBVKFAUMCR-UHFFFAOYSA-N
CN(C)CCCN1C(=O)c2cccc3cccc(c23)C1=O,4.37,ChEMBL,train,JFMVGTHZMQOEEU-UHFFFAOYSA-N
C=C[C@@]1(C)CC(=O)[C@]2(O)[C@@]3(C)[C@@H](O)CCC(C)(C)[C@@H]3[C@H](O)[C@H](OC(C)=O)[C@@]2(C)O1,5.335,ChEMBL,train,OHCQJHSOBUTRHG-KGGHGJDLSA-N
CC(C)c1nc(CN(C)C(=O)N[C@H](C(=O)N[C@@H](Cc2ccccc2)C[C@H](O)[C@H](Cc2ccccc2)NC(=O)OCc2cncs2)C(C)C)cs1,5.4,ChEMBL,train,NCDNCNXCDXHOMX-XGKFQTDJSA-N
O=S(=O)(c1ccccc1)N(CC(F)(F)F)c1ccc(C(O)(C(F)(F)F)C(F)(F)F)cc1,7.44,ChEMBL,train,SGIWFELWJPNFDH-UHFFFAOYSA-N
O=C1NCN(c2ccccc2)C12CCN(CC1COc3ccccc3O1)CC2,4.6,ChEMBL,train,JVGBTTIJPBFLTE-UHFFFAOYSA-N
COc1ccccc1Oc1c(NS(=O)(=O)c2ccc(C(C)(C)C)cc2)nc(-c2ncccn2)nc1OCCO,4.9,ChEMBL,train,GJPICJJJRGTNOD-UHFFFAOYSA-N
CCOC(=O)N1CCC(=C2c3ccc(Cl)cc3CCc3cccnc32)CC1,5.0,ChEMBL,train,JCCNYMKQOSZNPW-UHFFFAOYSA-N
CC1=C(C)C(=O)C(CCCCC#CCCCC#CCO)=C(C)C1=O,4.9,ChEMBL,train,WDEABJKSGGRCQA-UHFFFAOYSA-N
CCCn1c(C)c(C(=O)c2cccc3ccccc23)c2ccccc21,5.58,ChEMBL,train,LJSBBBWQTLXQEN-UHFFFAOYSA-N
O=C1NCN(c2ccccc2)C12CCN(CCCOc1ccc(F)cc1)CC2,4.5,ChEMBL,train,FJUKDAZEABGEIH-UHFFFAOYSA-N
O=C(Cc1cccs1)N[C@@H]1C(=O)N2C(C(=O)[O-])=C(C[n+]3ccccc3)CS[C@H]12,5.5,ChEMBL,train,CZTQZXZIADLWOZ-CRAIPNDOSA-N
CN[C@H]1CCc2cc(OC)c(OC)c(OC)c2-c2ccc(OC)c(=O)cc21,4.875,ChEMBL,train,NNJPGOLRFBJNIW-HNNXBMFYSA-N
C/C(=C\c1csc(C)n1)[C@@H]1C[C@@H]2O[C@]2(C)CCC[C@H](C)[C@H](O)[C@@H](C)C(=O)C(C)(C)[C@@H](O)CC(=O)O1,4.7,ChEMBL,train,QXRSDHAAWVKZLJ-PVYNADRNSA-N
COC(c1ccccc1)(c1ccccc1)[C@H](Oc1nc(C)cc(C)n1)C(=O)O,4.5,ChEMBL,train,OUJTZYPIHDYQMC-LJQANCHMSA-N
N#Cc1nn(-c2c(Cl)cc(C(F)(F)F)cc2Cl)c(N)c1[S+]([O-])C(F)(F)F,4.82,ChEMBL,train,ZOCSXAVNDGMNBV-UHFFFAOYSA-N
CC/C(=C(/CC)c1ccc(OC)cc1)c1ccc(OC)cc1,4.98,ChEMBL,train,VQOAQMIKPYNCMV-FMQUCBEESA-N
O=C(O)CCCC[C@@H]1CCSS1,5.55,ChEMBL,train,AGBQKNBQESQNJD-SSDOTTSWSA-N
Clc1cc(Cl)c(OCC#CI)cc1Cl,5.0,ChEMBL,train,CTETYYAZBPJBHE-UHFFFAOYSA-N
CC(C)N1CCN(c2ccc(OC[C@H]3CO[C@](Cn4cncn4)(c4ccc(Cl)cc4Cl)O3)cc2)CC1,4.949999999999999,ChEMBL,train,BLSQLHNBWJLIBQ-OZXSUGGESA-N
CCCC(C(=O)OCCN(CC)CC)(c1ccccc1)c1ccccc1.Cl,4.85,ChEMBL,train,FHIKZROVIDCMJA-UHFFFAOYSA-N
CCCCCCCCCCC[C@@H](C[C@@H]1OC(=O)[C@H]1CCCCCC)OC(=O)[C@H](CC(C)C)NC=O,5.175,ChEMBL,train,AHLBNYSZXLDEJQ-FWEHEUNISA-N
C[C@]12CC[C@@H]3c4ccc(O)cc4C[C@@H](CCCCCCCCC[S+]([O-])CCCC(F)(F)C(F)(F)F)[C@H]3[C@@H]1CC[C@@H]2O,5.71,ChEMBL,train,VWUXBMIQPBEWFH-WCCTWKNTSA-N
C[C@H]1CCC[C@H](O)CCC/C=C/c2cc(O)cc(O)c2C(=O)O1,4.85,ChEMBL,train,FPQFYIAXQDXNOR-QDKLYSGJSA-N
O=c1c(C2=Nc3ccccc3S(=O)(=O)N2)c(O)c2cc(F)ccc2n1CCC1CC1,5.28,ChEMBL,train,QEMCDXCXSVPAAB-UHFFFAOYSA-N
CO[C@H]1/C=C/O[C@@]2(C)Oc3c(C)c(O)c4c(O)c(c(/C=N/N5CCN(C)CC5)c(O)c4c3C2=O)NC(=O)/C(C)=C\C=C\[C@H](C)[C@H](O)[C@@H](C)[C@@H](O)[C@@H](C)[C@H](OC(C)=O)[C@@H]1C,5.85,ChEMBL,train,JQXXHWHPUNPDRT-WLSIYKJHSA-N
COCCOC(=O)C1=C(C)NC(C)=C(C(=O)OC(C)C)C1c1cccc([N+](=O)[O-])c1,6.41,ChEMBL,train,UIAGMCDKSXEBJQ-UHFFFAOYSA-N
CC(C)(C)c1cc(O)ccc1O,5.300000000000001,ChEMBL,train,BGNXCDMCOKJUMV-UHFFFAOYSA-N
O=S(=O)(c1ccccc1)N(CC(F)(F)F)c1ccc(C(O)C(F)(F)F)cc1,6.0,ChEMBL,train,YKHCWWRCGHFHFR-UHFFFAOYSA-N
CC(O)(c1ccc(N(CC(F)(F)F)S(=O)(=O)c2ccccc2)cc1)C(F)(F)F,6.3,ChEMBL,train,DKJFEFWRUFUJLQ-UHFFFAOYSA-N
O=S(=O)(c1ccccc1)N(CC(F)(F)F)c1ccc(C(O)(CC(F)(F)F)C(F)(F)F)cc1,6.9,ChEMBL,train,WGEBFTQNSAJNQB-UHFFFAOYSA-N
CCCC(O)(c1ccc(N(CC(F)(F)F)S(=O)(=O)c2ccccc2)cc1)C(F)(F)F,6.8,ChEMBL,train,REGGUSMKWKQUJO-UHFFFAOYSA-N
O=S(=O)(c1ccccc1)N(CC(F)(F)F)c1ccc(CO)cc1,5.0,ChEMBL,train,GNQJQTSRHDQFTL-UHFFFAOYSA-N
CC(O)c1ccc(N(CC(F)(F)F)S(=O)(=O)c2ccccc2)cc1,5.0,ChEMBL,train,WTZWWGVPJSFBKK-UHFFFAOYSA-N
CC(=O)c1ccc(N(CC(F)(F)F)S(=O)(=O)c2ccccc2)cc1,5.0,ChEMBL,train,SLRAFPZKYWAAMQ-UHFFFAOYSA-N
O=S(=O)(c1ccccc1)N(CC(F)(F)F)c1ccc(C(O)(C2CCCCC2)C(F)(F)F)cc1,8.5,ChEMBL,train,GPCPQPXWVJMHEX-UHFFFAOYSA-N
O=S(=O)(c1ccccc1)N(CC(F)(F)F)c1ccc(C(O)(c2ccccc2)C(F)(F)F)cc1,7.8,ChEMBL,train,IWYOSSYNDBCVIR-UHFFFAOYSA-N
O=S(=O)(c1ccccc1)N(CC(F)(F)F)c1ccc(C(O)(C#Cc2ccccc2)C(F)(F)F)cc1,6.0,ChEMBL,train,SAKKPZOSAFYJBK-UHFFFAOYSA-N
O=S(=O)(c1ccccc1)N(CC(F)(F)F)c1ccc(C(O)(C(F)(F)F)C(F)(F)C(F)(F)C(F)(F)F)cc1,8.0,ChEMBL,train,XUVYNXAYRAIJTP-UHFFFAOYSA-N
CCOC(=O)C1=C(C)NC(C)=C(C(=O)OC)C1c1cccc(Cl)c1Cl,5.41,ChEMBL,train,RZTAMFZIAATZDJ-UHFFFAOYSA-N
C/C=C1/C(=O)C[C@H]2[C@@H]3CCC4=CC(=O)CC[C@]4(C)[C@H]3CC[C@]12C,5.6,ChEMBL,train,WDXRGPWQVHZTQJ-AUKWTSKRSA-N
Clc1ccc(C2(c3nnc4n3CCCCCC4)CCC2)cc1,5.8,ChEMBL,train,FDLFGCPTRMXATH-UHFFFAOYSA-N
OCC(S)CS,4.8,ChEMBL,train,WQABCVAJNWAXTE-UHFFFAOYSA-N
C[C@H]1CCC[C@H](O)CCCCCc2cc(O)cc(O)c2C(=O)O1,4.62,ChEMBL,train,DWTTZBARDOXEAM-GXTWGEPZSA-N
O=S(=O)(Nc1ccc2c(c1)ncn2Cc1ccccc1)c1cccc2ccccc12,7.7,ChEMBL,train,CHIUGYYZRLVVDZ-UHFFFAOYSA-N
CC(c1ccccc1)n1cnc2cc(NS(=O)(=O)Cc3ccccc3Cl)ccc21,6.699999999999999,ChEMBL,train,LGZJDOMWASTSDR-UHFFFAOYSA-N
O=S(=O)(Cc1ccccc1Cl)Nc1ccc2c(c1)ncn2Cc1ccccc1,6.75,ChEMBL,train,HKRXVIMQFWPWEO-UHFFFAOYSA-N
O=[N+]([O-])c1ccccc1CS(=O)(=O)Nc1ccc2c(c1)ncn2Cc1ccccc1,6.37,ChEMBL,train,QODQOVMTJKHGJR-UHFFFAOYSA-N
O=S(=O)(Nc1ccc2c(c1)ncn2Cc1ccccc1)c1ccccc1Cl,7.22,ChEMBL,train,WQOZQUOBLZIYNU-UHFFFAOYSA-N
O=S(=O)(Cc1ccccc1Cl)Nc1ccc2ncn(Cc3ccccc3)c2c1,6.42,ChEMBL,train,IEYYYCQWCPBAIK-UHFFFAOYSA-N
O=S(=O)(Nc1ccc2ncn(Cc3ccccc3)c2c1)c1ccccc1Cl,6.47,ChEMBL,train,VEJJVCHMEIGJOH-UHFFFAOYSA-N
O=S(=O)(Cc1ccccc1Cl)Nc1ccc2c(ccn2Cc2ccccc2)c1,6.71,ChEMBL,train,QMZRZSBKTJMQOV-UHFFFAOYSA-N
O=C(Nc1ccc2c(c1)ncn2Cc1ccccc1)Nc1ccccc1Cl,5.84,ChEMBL,train,ZVSVQDHLMBTYGU-UHFFFAOYSA-N
O=S(=O)(Nc1ccc2c(c1)ncn2Cc1ccccc1)c1ccc(-c2ccccc2)cc1,6.41,ChEMBL,train,JGTLLIWNPIIIFD-UHFFFAOYSA-N
Cc1ccccc1S(=O)(=O)Nc1ccc2c(c1)ncn2Cc1ccccc1,7.35,ChEMBL,train,HHTZXLHOANPOOG-UHFFFAOYSA-N
Cc1cc(C)cc(S(=O)(=O)Nc2ccc3c(c2)ncn3Cc2ccccc2)c1,7.48,ChEMBL,train,XCAPTUAWRAODGU-UHFFFAOYSA-N
Cc1cc(C)c(S(=O)(=O)Nc2ccc3c(c2)ncn3Cc2ccccc2)c(C)c1,8.455,ChEMBL,train,NZGPNMYYBHSCBR-UHFFFAOYSA-N
O=C(Cc1ccccc1Cl)Nc1ccc2c(c1)ncn2Cc1ccccc1,6.29,ChEMBL,train,QWUJLIKFVLFZSC-UHFFFAOYSA-N
O=C(Cc1cccc2ccccc12)Nc1ccc2c(c1)ncn2Cc1ccccc1,6.66,ChEMBL,train,AVESMQNGPHPYDW-UHFFFAOYSA-N
O=S(=O)(Nc1ccc2c(c1)ncn2Cc1ccccc1)c1ccccc1Br,7.7,ChEMBL,train,IBOYRIQWIYLDEK-UHFFFAOYSA-N
Cc1c(C)c(C)c(S(=O)(=O)Nc2ccc3c(c2)ncn3Cc2ccccc2)c(C)c1C,8.625,ChEMBL,train,IRGZMWLWLHSDHZ-UHFFFAOYSA-N
CC(C)(C)c1ccc(S(=O)(=O)Nc2ccc3c(c2)ncn3Cc2ccccc2)cc1,7.38,ChEMBL,train,VDPKQKVMHNDVFN-UHFFFAOYSA-N
CCCc1ccc(S(=O)(=O)Nc2ccc3c(c2)ncn3Cc2ccccc2)cc1,7.28,ChEMBL,train,OGYXCETZULPTMO-UHFFFAOYSA-N
CCCCCCn1cnc2cc(NS(=O)(=O)c3ccccc3Cl)ccc21,7.26,ChEMBL,train,ZNCLZSKEXMROKZ-UHFFFAOYSA-N
CCCCCCn1cnc2cc(NS(=O)(=O)c3c(C)c(C)c(C)c(C)c3C)ccc21,7.89,ChEMBL,train,WXMHVSIFCXNEJX-UHFFFAOYSA-N
O=S(=O)(Nc1ccc2c(c1)ncn2Cc1ccccc1)c1ccccc1F,7.0,ChEMBL,train,ZBQXKOKVEDGYSJ-UHFFFAOYSA-N
O=[N+]([O-])c1ccccc1S(=O)(=O)Nc1ccc2c(c1)ncn2Cc1ccccc1,6.57,ChEMBL,train,PNBDDUPWZUAOHG-UHFFFAOYSA-N
O=[N+]([O-])c1ccc(S(=O)(=O)Nc2ccc3c(c2)ncn3Cc2ccccc2)cc1,6.47,ChEMBL,train,AAOLZGDIONWLEW-UHFFFAOYSA-N
O=S(=O)(Nc1ccc2c(c1)ncn2Cc1ccccc1)c1ccc2ccccc2c1,7.29,ChEMBL,train,YMOQYLYGTHUWAV-UHFFFAOYSA-N
O=S(=O)(Nc1ccc2c(c1)ncn2-c1ccc2ccccc2c1)c1ccccc1Cl,6.42,ChEMBL,train,WXGWJXHGMTYKIF-UHFFFAOYSA-N
Cc1c(C)c(C)c(S(=O)(=O)Nc2ccc3c(c2)ncn3-c2ccc3ccccc3c2)c(C)c1C,7.26,ChEMBL,train,AHZDAAXCDKJLQU-UHFFFAOYSA-N
CCOP(=O)(OCC)C(=Cc1cc(C(C)(C)C)c(O)c(C(C)(C)C)c1)P(=O)(OCC)OCC,6.66,ChEMBL,train,YQLJDECYQDRSBI-UHFFFAOYSA-N
CO[C@H]1/C=C/O[C@@]2(C)Oc3c(C)c(O)c4c(O)c(c5c(nc6cc(C)ccn65)c4c3C2=O)NC(=O)/C(C)=C\C=C\[C@H](C)[C@H](O)[C@@H](C)[C@@H](O)[C@@H](C)[C@H](OC(C)=O)[C@@H]1C,4.95,ChEMBL,train,NZCRJKRKKOLAOJ-XRCRFVBUSA-N
CCCCN(Cc1cc(Cl)c(O)c(Cl)c1)c1ccc(C(O)(C(F)(F)F)C(F)(F)F)cc1,6.6,ChEMBL,train,TYYLMKBOWXDDCT-UHFFFAOYSA-N
N[C@@H](Cc1cc(I)c(Oc2cc(I)c(O)c(I)c2)c(I)c1)C(=O)O,4.475,ChEMBL,train,XUIIKFGFIJCVMT-LBPRGKRZSA-N
Cn1c(-c2ccc(-c3ccccc3)cc2)nnc1C1(c2ccc(Cl)cc2)CCC1,5.77,ChEMBL,train,UXOKGMBZBAXMDM-UHFFFAOYSA-N
Cn1c(-c2ccc(-c3ccccc3)cc2Cl)nnc1C1(c2ccc(Cl)cc2)CCC1,5.77,ChEMBL,train,DLCWGHYEPISYHV-UHFFFAOYSA-N
Cn1c(-c2ccc(-c3cccnc3)cc2Cl)nnc1C1(c2ccc(Cl)cc2)CCC1,5.44,ChEMBL,train,RAQAZKICFNGDBP-UHFFFAOYSA-N
Cn1c(-c2ccc(-c3ccncc3)cc2Cl)nnc1C1(c2ccc(Cl)cc2)CCC1,5.11,ChEMBL,train,LXGZRMOAZHRDOH-UHFFFAOYSA-N
CCSc1ccccc1-c1ccc(-c2nnc(C3(c4ccc(Cl)cc4)CCC3)n2C)c(Cl)c1,5.77,ChEMBL,train,FOYQEHAQUNUUQI-UHFFFAOYSA-N
Cn1c(-c2ccc(-c3ccccn3)cc2Cl)nnc1C1(c2ccc(Cl)cc2)CCC1,5.62,ChEMBL,train,QUFVKZHNAOJTOG-UHFFFAOYSA-N
Cn1c(-c2ccc(-n3ccnc3)cc2Cl)nnc1C1(c2ccc(Cl)cc2)CCC1,4.92,ChEMBL,train,WIHGHYGCPZDKII-UHFFFAOYSA-N
Cc1cn(-c2ccc(-c3nnc(C4(c5ccc(Cl)cc5)CCC4)n3C)c(Cl)c2)c(C2CC2)n1,5.89,ChEMBL,train,KFHSELJFIFOKEY-UHFFFAOYSA-N
Cn1c(-c2ccc(-n3ccnc3C(F)(F)F)cc2Cl)nnc1C1(c2ccc(Cl)cc2)CCC1,5.5,ChEMBL,train,IUBGICNCLXPBGO-UHFFFAOYSA-N
Cn1c(-c2ccc(-n3ccnc3S(C)(=O)=O)cc2Cl)nnc1C1(c2ccc(Cl)cc2)CCC1,5.1,ChEMBL,train,DZZBSMMXPNPOMM-UHFFFAOYSA-N
CCS(=O)(=O)c1ccccc1-c1ccc(-c2nnc(C3(c4ccc(Cl)cc4)CCC3)n2C)c(Cl)c1,6.16,ChEMBL,train,CTTCBVOJARTTMW-UHFFFAOYSA-N
CCS(=O)(=O)c1cccc(-c2ccc(-c3nnc(C4(c5ccc(Cl)cc5)CCC4)n3C)c(Cl)c2)c1,4.6,ChEMBL,train,MGHNCLCNTFQOTJ-UHFFFAOYSA-N
c1ccc(Nc2nc(-c3ccccn3)cs2)cc1,4.13,ChEMBL,train,VZHGZKUEVAANEJ-UHFFFAOYSA-N
CC(=O)Nc1cc(-c2ccc(Cl)cc2)n[nH]1,4.13,ChEMBL,train,IIKSZRFVYVTNHL-UHFFFAOYSA-N
Clc1ccc(-c2nc3sccn3c2/C=N/OCc2ccc(Cl)c(Cl)c2)cc1,6.0,ChEMBL,train,ZQWBOKJVVYNKTL-AUEPDCJTSA-N
COC(=O)C1=C(C#N)NC(C)=C(C(=O)OC(C)C)C1c1cccc([N+](=O)[O-])c1,5.785,ChEMBL,train,FAIIFDPAEUKBEP-UHFFFAOYSA-N
COC(=O)C1=C(C)NC(C)=C(C(=O)OCC(C)C)C1c1ccccc1[N+](=O)[O-],5.0,ChEMBL,train,VKQFCGNPDRICFG-UHFFFAOYSA-N
CC(C)(C)NC(=O)[C@@H]1CN(Cc2cccnc2)CCN1C[C@@H](O)C[C@@H](Cc1ccccc1)C(=O)N[C@H]1c2ccccc2C[C@H]1O.O=S(=O)(O)O,4.824999999999999,ChEMBL,train,NUBQKPWHXMGDLP-BDEHJDMKSA-N
C[C@@H]1C[C@H]2[C@@H]3CCC4=CC(=O)C=C[C@]4(C)[C@@]3(F)[C@@H](O)C[C@]2(C)[C@H]1C(=O)CO,4.5,ChEMBL,train,VWVSBHGCDBMOOT-IIEHVVJPSA-N
COCC(=O)Nc1cc(Sc2ccccc2)ccc1N=C(NC(=O)OC)NC(=O)OC,4.9,ChEMBL,train,HMCCXLBXIJMERM-UHFFFAOYSA-N
CC(C)Oc1cc(-n2nc(C(C)(C)C)oc2=O)c(Cl)cc1Cl,6.05,ChEMBL,train,CHNUNORXWHYHNE-UHFFFAOYSA-N
O=c1ccn2c(-c3ccc(F)cc3F)cccc2c1-c1c(F)cccc1F,5.48,ChEMBL,train,FMRNKJBMXLVUBM-UHFFFAOYSA-N
Cc1cc(C(=O)N[C@@H]2CC(C)(C)Oc3nc(-c4ccc(Cl)cc4Cl)c(-c4ccc(Cl)cc4)cc32)n[nH]1,5.3,ChEMBL,train,IDUFEEHNNASCMH-HSZRJFAPSA-N
CCOC(=O)C1=C(COCCN)NC(C)=C(C(=O)OC)C1c1ccccc1Cl.O=S(=O)(O)c1ccccc1,4.5,ChEMBL,train,ZPBWCRDSRKPIDG-UHFFFAOYSA-N
Oc1c(Cl)cc(Cl)c2cccnc12,4.4,ChEMBL,train,WDFKMLRRRCGAKS-UHFFFAOYSA-N
CC(=O)[C@@]1(O)CC[C@H]2[C@@H]3C[C@H](C)C4=CC(=O)C=C[C@]4(C)[C@@]3(F)[C@@H](O)C[C@@]21C,5.5,ChEMBL,train,FAOZLTXFLGPHNG-KNAQIMQKSA-N
CCC(=O)[C@@]1(C)[C@H](C)C[C@H]2[C@@H]3CCC4=CC(=O)C=C[C@]4(C)[C@H]3[C@@H](O)C[C@@]21C,5.699999999999999,ChEMBL,train,QTTRZHGPGKRAFB-OOKHYKNYSA-N
C#C[C@]1(O)CC[C@H]2[C@@H]3CCC4=C/C(=N/O)CC[C@@H]4[C@H]3CC[C@@]21CC,4.6,ChEMBL,train,ISHXLNHNDMZNMC-VTKCIJPMSA-N
CCCCCCCCCCCCCCCC[N+](C)(C)CCN(Cc1ccc(OC)cc1)c1ncccn1.[Br-],4.95,ChEMBL,train,WBWDWFZTSDZAIG-UHFFFAOYSA-M
CN1CCN(CC/C=C2/c3ccccc3Sc3ccc(S(=O)(=O)N(C)C)cc32)CC1.Cl,5.025,ChEMBL,train,ALDJVABCVUVJGI-SRJUEMFDSA-N
C=CCC1(C(C)CCC)C(=O)[N-]C(=S)NC1=O.[Na+],5.19,ChEMBL,train,LYZGJWXNOGIVQA-UHFFFAOYSA-M
CC1(C)S[C@@H]2[C@H](N3C(=O)[C@@H](c4ccccc4)NC3(C)C)C(=O)N2[C@H]1C(=O)[O-].[K+],5.2,ChEMBL,train,QRSPJBLLJXVPDD-XFAPPKAWSA-M
CO[C@H](C(=O)[C@@H](O)[C@@H](C)O)[C@@H]1Cc2cc3cc(O[C@H]4C[C@@H](O[C@@H]5C[C@@H](O)[C@H](O)[C@@H](C)O5)[C@H](O)[C@@H](C)O4)c(C)c(O)c3c(O)c2C(=O)[C@H]1O[C@H]1C[C@@H](O[C@@H]2C[C@@H](O)[C@@H](O[C@@H]3C[C@](C)(O)[C@H](O)[C@@H](C)O3)[C@@H](C)O2)[C@H](O)[C@@H](C)O1,4.8,ChEMBL,train,XDKMHMINQXATOR-RCFLUEAHSA-N
CC(C)=CCC1=C(O)[C@@]2(C(=O)C(C)C)C(=O)[C@](CC=C(C)C)(C[C@H](CC=C(C)C)[C@@]2(C)CCC=C(C)C)C1=O,7.4,ChEMBL,train,IWBJJCOKGLUQIZ-HQKKAZOISA-N
CC[C@@]12CCCN3CCc4c(n(c5ccccc45)C(=O)C1)[C@H]32,4.875,ChEMBL,train,WYJAPUKIYAZSEM-RBUKOAKNSA-N
O=C(NC1CCCC1)c1cc2c(ccc3ccccc32)o1,4.1,ChEMBL,train,VPROQYQBNVRYST-UHFFFAOYSA-N
Nc1ccc(C(=O)Nc2ccccc2N)cc1,4.55,ChEMBL,train,QGMGHALXLXKCBD-UHFFFAOYSA-N
COc1ccccc1Nc1nc(NCCO)nc(N)c1[N+](=O)[O-],4.75,ChEMBL,train,FWHDLLWTESTDBL-UHFFFAOYSA-N
O=C(/C=C\c1cccs1)c1c(O)ccc2ccc(=O)oc12,4.18,ChEMBL,train,YIEQCEHJISSTDA-ALCCZGGFSA-N
O=C(Nc1ccccc1OC(=O)c1ccc(Cl)cc1)c1ccc(Cl)cc1,4.17,ChEMBL,train,KDSBZHUJTOUSRK-UHFFFAOYSA-N
Cc1cccc2cc3c(N)c(C(=O)N4CCOCC4)sc3nc12,4.16,ChEMBL,train,KIOQMKSRJBIIET-UHFFFAOYSA-N
CCOP(=O)(OCC)O/C(=C/Cl)c1ccc(Cl)cc1Cl,5.0,ChEMBL,train,FSAVDKDHPDSCTO-XYOKQWHBSA-N
CCCc1nn(C)c(C(=O)Nc2cccc3ccccc23)c1Cl,4.41,ChEMBL,train,MGWYMWNIFOQFNG-UHFFFAOYSA-N
Cc1nc(N)nc(Nc2ccc(Cl)cc2)c1Br,4.01,ChEMBL,train,WLUWADRUYNDGJO-UHFFFAOYSA-N
CC(C)c1c(CN(C)C(C)Cc2ccccc2)n(C)n(-c2ccccc2)c1=O,5.68,ChEMBL,train,GNUXVOXXWGNPIV-UHFFFAOYSA-N
CCCCc1cc2c(c(NC(C)=O)n1)c(=O)oc1ccccc12,4.05,ChEMBL,train,NRBBJNHUAQLSTQ-UHFFFAOYSA-N
COc1ccc(-c2oc3ccc(N4CCOCC4)cc3c2C#Cc2ccc(N)cc2)cc1,4.02,ChEMBL,train,WKYLXDFSHZFFAL-UHFFFAOYSA-N
O=C(NC(=S)Nc1ccc(F)c(Cl)c1)C1CC1,4.22,ChEMBL,train,NNHBHBHICWBVRN-UHFFFAOYSA-N
CC[C@@H](C(=O)[C@@H](C)[C@@H](O)[C@H](C)CCc1ccc(C)c(O)c1C(=O)[O-])[C@H]1O[C@](CC)([C@H]2CC[C@](O)(CC)[C@H](C)O2)C[C@@H]1C.[Na+],5.0,ChEMBL,train,RDHDUYAKDYQPEW-HWLWSTNVSA-M
Cc1ccc2cc3c(NC(=O)CC(C)C)nn(C)c3nc2c1,4.42,ChEMBL,train,NJAIEVMLMDSPCB-UHFFFAOYSA-N
Cc1ccc2c(c1)c1nc3ccccc3nc1n2C,4.15,ChEMBL,train,CMCFXZHCNYNTKD-UHFFFAOYSA-N
CCCC(=O)Nc1nn(C)c2nc3cc(C)ccc3cc12,4.09,ChEMBL,train,KIWKLFHHVGFZFN-UHFFFAOYSA-N
Br.CN1CCc2cc(Cl)c(O)cc2[C@H]2c3ccccc3CC[C@@H]21,5.2,ChEMBL,train,GAUWIDFICGEZKR-JUOYHRLASA-N
COc1cc2c(cc1NC(=O)Nc1ccc(C)cc1)oc1ccccc12,4.0,ChEMBL,train,NHUFMLBHTYMPIW-UHFFFAOYSA-N
Cn1c(N)c(C(=O)Nc2ccccc2F)sc1=S,4.18,ChEMBL,train,ZAKPCTBIXWLOBB-UHFFFAOYSA-N
N#C/C(=C/c1ccccc1)c1nn(CCO)c(N)c1C#N,4.08,ChEMBL,train,YYMAOMQXVYFXEW-WQLSENKSSA-N
CCCNc1nc(Cl)nc(Nc2ccc(Cl)cc2)n1,4.32,ChEMBL,train,BSPRCSZWHCSQRT-UHFFFAOYSA-N
CC(C)(C)NC(=O)Cn1c(-c2ccccc2)cc2cc(C(C)(C)C(=O)NC(C)(C)C)ccc21,5.74,ChEMBL,train,PFOCNQRWWASAAD-UHFFFAOYSA-N
CC(C)(C)NC(=O)Cn1c(-c2cc(C(F)(F)F)cc(C(F)(F)F)c2)cc2cc(C(C)(C)C(=O)NC(C)(C)C)ccc21,4.97,ChEMBL,train,NQTIGCUCDYLION-UHFFFAOYSA-N
CC(C)(C)NC(=O)Cn1c(-c2ccc(F)cc2F)cc2cc(C(C)(C)C(=O)NC(C)(C)C)ccc21,6.03,ChEMBL,train,RIXMAIPAVTVMOH-UHFFFAOYSA-N
COc1ccccc1-c1cc2cc(C(C)(C)C(=O)NC(C)(C)C)ccc2n1CC(=O)NC(C)(C)C,6.13,ChEMBL,train,RKTAORFIYOHFPV-UHFFFAOYSA-N
CC(C)(C)NC(=O)Cn1c(C(C)(C)C)cc2cc(C(C)(C)C(=O)NC(C)(C)C)ccc21,6.24,ChEMBL,train,GEBISPTWUCDYIX-UHFFFAOYSA-N
CC(C)(C)NC(=O)Cn1c(C(=O)NC(C)(C)C)cc2cc(C(C)(C)C(=O)NC(C)(C)C)ccc21,5.18,ChEMBL,train,DMXXHOVVWMOBRX-UHFFFAOYSA-N
CC(C)(C)NC(=O)C(c1ccccn1)n1ccc2cc(C(C)(C)C(=O)NC(C)(C)C)ccc21,6.22,ChEMBL,train,WBRMXFKTCZLINW-UHFFFAOYSA-N
C[C@H](CCCOS(=O)(=O)[O-])[C@H]1CC[C@H]2[C@@H]3CC[C@H]4C[C@H](OS(=O)(=O)[O-])[C@@H](OS(=O)(=O)[O-])C[C@]4(C)[C@H]3CC[C@]12C.[Na+].[Na+].[Na+],5.28,ChEMBL,train,KXKQQYYOVXMHMX-NZGPCSTLSA-K
O=C1/C(=C\c2cccs2)CCC/C1=C/c1cccs1,4.975,ChEMBL,train,KHXBULXCCPIELT-MIMPSMLTSA-N
CCCCCCCCCC(CC)c1ccc(S(=O)(=O)[O-])cc1.[Na+],4.8,ChEMBL,train,HOXWFOVSCUWIEH-UHFFFAOYSA-M
N[C@@H](Cc1ccc(Oc2cc(I)c(O)c(I)c2)c(I)c1)C(=O)O,4.9,ChEMBL,train,HZCBWYNLGPIQRK-LBPRGKRZSA-N
Cn1c(-c2ccc(C(=O)O)cc2Cl)nnc1C1(c2ccc(Cl)cc2)CCC1,4.75,ChEMBL,train,CXEOROMWHNWONF-UHFFFAOYSA-N
Cn1c(-c2ccc(NC(=O)c3cccs3)cc2)nnc1C1(c2ccc(Cl)cc2)CCC1,5.06,ChEMBL,train,VHQQNMOPJCVPFS-UHFFFAOYSA-N
Cn1c(-c2ccc(-c3cnoc3)cc2)nnc1C1(c2ccc(Cl)cc2)CCC1,4.64,ChEMBL,train,JBFDRORHJJBVHA-UHFFFAOYSA-N
Cn1c(-c2ccc(-c3ccsc3)cc2)nnc1C1(c2ccc(Cl)cc2)CCC1,5.52,ChEMBL,train,PUEDNZRROPNXTL-UHFFFAOYSA-N
COc1cc(-c2cccnc2)ccc1-c1nnc(C2(c3ccc(Cl)cc3)CCC2)n1C,5.34,ChEMBL,train,RBGKTPBXYABVOH-UHFFFAOYSA-N
Cn1c(-c2ccc(-c3cnccn3)cc2F)nnc1C1(c2ccc(Cl)cc2)CCC1,5.32,ChEMBL,train,PLKKSSJPSJWGPI-UHFFFAOYSA-N
Cc1c(Cl)cccc1Oc1cccn2c(C3CCCCCC3)nnc12,6.82,ChEMBL,train,IRIKJKKNAULMJL-UHFFFAOYSA-N
Cc1c(Cl)cccc1Oc1cccn2c(C34CCC(CC3)C4)nnc12,6.82,ChEMBL,train,IDIWWKULEMAKJZ-UHFFFAOYSA-N
COC1(c2nnc3c(Oc4cccc(Cl)c4C)cccn23)CCCCCC1,6.82,ChEMBL,train,GNIMESYUUSFCOQ-UHFFFAOYSA-N
COC12CC3CC(C1)CC(c1nnc4c(Oc5cccc(Cl)c5C)cccn14)(C3)C2,6.82,ChEMBL,train,QEBHYWPLCVDWCM-UHFFFAOYSA-N
Cc1c(Cl)cccc1Oc1cccn2c([C@]34CCC(C[C@H]3O)C4(C)C)nnc12,6.82,ChEMBL,train,HDTFLZKXPWINMP-NKEUZDSBSA-N
Cc1c(Cl)cccc1Oc1cccn2c(CC3CC4CCC3C4)nnc12,6.82,ChEMBL,train,JQYYWVQHGKKNJP-UHFFFAOYSA-N
Cc1c(Cl)cccc1Oc1cccn2c(C34CCC(F)(CC3)CC4)nnc12,6.82,ChEMBL,train,HMCOQCLLADVXDN-UHFFFAOYSA-N
COc1ccc(C(C)C)cc1-c1ccc(C(F)(F)F)cc1CN1C(=O)O[C@H](c2cc(C(F)(F)F)cc(C(F)(F)F)c2)[C@@H]1C,5.58,ChEMBL,train,ZLMDMGVNLQHTAU-QMTYFTJSSA-N
COc1cc(F)c(C(C)C)cc1-c1ccc(C(F)(F)F)cc1CN1C(=O)O[C@H](c2cc(C(F)(F)F)cc(C(F)(F)F)c2)[C@@H]1C,5.41,ChEMBL,train,MZZLGJHLQGUVPN-HAWMADMCSA-N
Cc1ccc(N2CC(COc3ccc(-c4noc(C)n4)cc3)C2)nn1,4.5,ChEMBL,train,HCOIQQJHIUTQMB-UHFFFAOYSA-N
CCCOCCN(C(=O)CCl)c1c(CC)cccc1CC,6.31,ChEMBL,train,YLPGTOIOYRQOHV-UHFFFAOYSA-N
CCCCN1CCCC1C(=O)Nc1c(C)cc(C)cc1C,5.23,ChEMBL,train,VEPZOLKTNZOTTQ-UHFFFAOYSA-N
COC(=O)C1=C(C)NC(C)=C(C(=O)OC)C1c1ccccc1OC(F)F,5.4,ChEMBL,train,AZVFIZVKGSPGPK-UHFFFAOYSA-N
CNc1c(C)c2c3c4c1C(=O)C(=C(/C=N/N1CCN(C)CC1)C4=O)NC(=O)/C(C)=C\C=C\[C@H](C)[C@H](O)[C@@H](C)[C@@H](O)[C@@H](C)[C@H](OC(C)=O)[C@H](C)[C@@H](OC)/C=C/O[C@@](C)(O2)C3=O,5.68,ChEMBL,train,QNGWXSBXUMRSEC-YSLUFWIUSA-N
CNc1c(C)c2c3c4c(O)c(/C=N/N5CCN(C)CC5)c(c(O)c14)NC(=O)/C(C)=C\C=C\[C@H](C)[C@H](O)[C@@H](C)[C@@H](O)[C@@H](C)[C@H](OC(C)=O)[C@H](C)[C@@H](OC)/C=C/O[C@@](C)(O2)C3=O,5.39,ChEMBL,train,FSUCDGDNFIHRTB-YSLUFWIUSA-N
O=C(N/N=C/c1c[nH]c2ccccc12)C1COc2ccccc2O1,4.19,ChEMBL,train,BEMZLCOGADPGKG-KEBDBYFISA-N
C#CCn1cc(/C=N/NC(=O)COc2cccc3cccnc23)c2ccccc21,4.79,ChEMBL,train,LONDBUMELLWCNR-AFUMVMLFSA-N
COc1cc(/C=N/NC(=O)c2cccc(NC(=O)c3ccccc3)c2)ccc1O,4.12,ChEMBL,train,LOIJGQHADXQMMX-OEAKJJBVSA-N
CCN(/N=C/c1ccc(Cl)cc1)c1cc(=O)n(C)c(=O)[nH]1,4.11,ChEMBL,train,OSHPWVBGYYZDQD-CXUHLZMHSA-N
CC(C)(C)c1nc(-c2cccc(NS(=O)(=O)c3c(F)cccc3F)c2F)c(-c2ccnc(N)n2)s1,7.06,ChEMBL,train,BFSMGDJOXZAERB-UHFFFAOYSA-N
COc1ccc(/C=N/Nc2nc3ccccc3[nH]2)cc1OC,4.17,ChEMBL,train,DJKQOEXUDHHMJK-LICLKQGHSA-N
CO[C@H]1/C=C/O[C@@]2(C)Oc3c(C)c(O)c4c(=O)c(c5oc6cccc(OCCCCN7CCN(C(=O)Cn8ccnc8)CC7)c6nc-5c4c3C2=O)NC(=O)/C(C)=C\C=C\[C@H](C)[C@H](O)[C@@H](C)[C@@H](O)[C@@H](C)[C@H](OC(C)=O)[C@@H]1C,5.26,ChEMBL,train,JAQLNEWIOJRUDL-MOYKSJOPSA-N
N[C@H](C(=O)O)[C@H](O)c1ccc(O)c(O)c1,6.95,ChEMBL,train,QXWYKJLNLSIPIN-JGVFFNPUSA-N
Cc1ccc(/C=C2/C(=O)C3(C)CCC2C3(C)C)cc1,4.5,ChEMBL,train,HEOCBCNFKCOKBX-SDNWHVSQSA-N
Fc1ccc(C(c2ccccc2)(c2ccccc2F)n2ccnc2)cc1,5.21,ChEMBL,train,QHMWCHQXCUNUAK-UHFFFAOYSA-N
CC(C)(C)c1ccc2c(S(=O)(=O)[O-])c(C(C)(C)C)ccc2c1.[Na+],5.05,ChEMBL,train,XYEXKDCAGSHWSD-UHFFFAOYSA-M
C=C1c2cccc(O)c2C(=O)C2=C(O)[C@]3(O)C(=O)C(C(N)=O)=C(O)[C@@H](N(C)C)[C@@H]3[C@@H](O)[C@H]12.Cl,5.2,ChEMBL,train,VZQARNDJLLWXGL-CCHMMTNSSA-N
CC(C)c1ccc(S(=O)(=O)N2Cc3ccc(C(F)(F)F)nc3Nc3cccc(-c4noc(C(C)(C)O)n4)c32)cc1,5.62,ChEMBL,train,HIXSHJGNHTVZHI-UHFFFAOYSA-N
CC(C)(O)c1nc(-c2cccc3c2N(S(=O)(=O)c2ccc(OC(F)F)cc2)Cc2ccc(C(F)(F)F)nc2N3)no1,5.0,ChEMBL,train,GZDCFEWELSMBGZ-UHFFFAOYSA-N
Cc1ccc2c(c1C)N(S(=O)(=O)c1ccc(C(C)(C)C)cc1)Cc1ccc(C(F)(F)F)nc1N2,6.17,ChEMBL,train,OAIVSBLLDFJYMS-UHFFFAOYSA-N
CC(C)(C)c1ccc(S(=O)(=O)N2Cc3ccc(C(F)(F)F)nc3Nc3cccc(-c4cccnc4)c32)cc1,5.75,ChEMBL,train,KKNAGRBYEXJAHC-UHFFFAOYSA-N
Cn1cc(-c2cccc3c2N(S(=O)(=O)c2ccc(C(C)(C)C)cc2)Cc2ccc(C(F)(F)F)nc2N3)cn1,5.96,ChEMBL,train,RHQUWOJHFDJROP-UHFFFAOYSA-N
CC(C)(C)c1ccc(S(=O)(=O)N2Cc3ccc(C(F)(F)F)nc3Nc3cccc(C4CCNCC4)c32)cc1,5.18,ChEMBL,train,AGKNSWMRWVOKSF-UHFFFAOYSA-N
CC(C)(C)c1ccc(S(=O)(=O)N2Cc3ccc(C(F)(F)F)nc3Nc3cccc(-c4noc(=O)[nH]4)c32)cc1,5.72,ChEMBL,train,OWHAXINQHAYRCT-UHFFFAOYSA-N
CC(C)(C)c1ccc(S(=O)(=O)N2Cc3ccc(C(F)(F)F)nc3Nc3cccc(-c4ncon4)c32)cc1,4.93,ChEMBL,train,HJHALJRMWAGDCO-UHFFFAOYSA-N
CC(C)(C)c1ccc(S(=O)(=O)N2Cc3ccc(C(F)(F)F)nc3Nc3cccc(-c4noc(CO)n4)c32)cc1,5.46,ChEMBL,train,FWWAWJWEAANSPV-UHFFFAOYSA-N
CS(=O)(=O)c1ccc(F)cc1C(=O)N1CCC(N(C2CC2)S(=O)(=O)c2cccc(C(F)(F)F)c2)CC1,6.37,ChEMBL,train,YVSHQGAIDXNKCO-UHFFFAOYSA-N
Cc1ccc(-c2cc(C(=O)N[C@H](C)c3ccc(F)cn3)cc(-c3ncccc3F)c2)nc1,5.22,ChEMBL,train,PMEILICYJRXCEI-MRXNPFEDSA-N
CCN(c1ccc(C(O)(C(F)(F)F)C(F)(F)F)cc1)S(=O)(=O)c1ccccc1,7.41,ChEMBL,train,IVNRPSKTRKQRGY-UHFFFAOYSA-N
COc1cc2c(cc1OC)C(C(C(=O)N(CCc1ccc(OC)c(OC)c1OC)CCc1ccc(OC)c(OC)c1OC)c1ccccc1)=NCC2.Cl,5.15,ChEMBL,train,UDKSNBMNKLDHNK-UHFFFAOYSA-N
CN1c2ccccc2C(NCCCCCCC(=O)[O-])c2ccc(Cl)cc2S1(=O)=O.[Na+],4.65,ChEMBL,train,ZLBSUOGMZDXYKE-UHFFFAOYSA-M
CC(C)[C@@H](NC(=O)CC(C)(C)O)C(=O)N1CC[C@](O)(c2ccc(Cl)cc2)C(C)(C)C1,5.695,ChEMBL,train,PTNKPLPRPJERNR-XXBNENTESA-N
CC(C)[C@@H](NC(=O)CC1CC1)C(=O)N1CC[C@](O)(c2ccc(Cl)cc2)C(C)(C)C1,6.3,ChEMBL,train,CZEQXLMAKRKHJC-OFNKIYASSA-N
CC(C)[C@@H](NC(=O)[C@@H]1CCC[C@@H]1O)C(=O)N1CC[C@](O)(c2ccc(Cl)cc2)C(C)(C)C1,5.85,ChEMBL,train,BPFQMWZMSDPOCI-ZSTWQFLISA-N
CC(C)[C@@H](NC(=O)[C@@H]1CCC[C@@H]1N)C(=O)N1CC[C@](O)(c2ccc(Cl)cc2)C(C)(C)C1,5.07,ChEMBL,train,NNHDILPNEWHAFE-ZSTWQFLISA-N
CC(C)(C1CCN(C(=O)c2cc(F)ccc2S(C)(=O)=O)CC1)S(=O)(=O)c1cccc(C(F)(F)F)c1,5.6,ChEMBL,train,NLTKWBJFNLWOOZ-UHFFFAOYSA-N
CS(=O)(=O)c1ccc(C#N)cc1C(=O)N1CCC(N(C2CC2)S(=O)(=O)c2cccc(C(F)(F)F)c2)CC1,5.3,ChEMBL,train,UKVXALXNKRQBET-UHFFFAOYSA-N
CS(=O)(=O)c1cc(C#N)ccc1C(=O)N1CCC(N(C2CC2)S(=O)(=O)c2cccc(C(F)(F)F)c2)CC1,5.08,ChEMBL,train,AVZOEQJHSHEAPW-UHFFFAOYSA-N
CS(=O)(=O)c1cc(C(F)(F)F)ccc1C(=O)N1CCC(N(C2CC2)S(=O)(=O)c2cccc(C(F)(F)F)c2)CC1,5.37,ChEMBL,train,AVADRYZARZLOBJ-UHFFFAOYSA-N
CS(=O)(=O)c1ccc(Cl)c(C(=O)N2CCC(N(C3CC3)S(=O)(=O)c3cccc(C(F)(F)F)c3)CC2)c1,5.57,ChEMBL,train,ROIFYGFLGONWGU-UHFFFAOYSA-N
CS(=O)(=O)c1ccc(C(=O)N2CCC(N(C3CC3)S(=O)(=O)c3cccc(C(F)(F)F)c3)CC2)c(F)c1,5.17,ChEMBL,train,LQTYPGGHNGTXPA-UHFFFAOYSA-N
CS(=O)(=O)c1ccc(C(=O)N2CCC(N(C3CC3)S(=O)(=O)c3cccc(C(F)(F)F)c3)CC2)c(Cl)c1,4.97,ChEMBL,train,FSJLJXTZRDZGLV-UHFFFAOYSA-N
CS(=O)(=O)c1ccc(C(=O)N2CCC(N(C3CC3)S(=O)(=O)c3cccc(C(F)(F)F)c3)CC2)c(C(F)(F)F)c1,5.55,ChEMBL,train,KYCPTKDTPGARDF-UHFFFAOYSA-N
CS(=O)(=O)c1ccc(C(=O)N2CCC(N(C3CC3)S(=O)(=O)c3cccc(C(F)(F)F)c3)CC2)c(OC(F)(F)F)c1,5.77,ChEMBL,train,XCYNNWRVYVTSDT-UHFFFAOYSA-N
NC(=O)c1ccc(C(=O)N2CCC(N(C3CC3)S(=O)(=O)c3cccc(C(F)(F)F)c3)CC2)c(C(F)(F)F)c1,5.72,ChEMBL,train,UUINHKWASCQEAR-UHFFFAOYSA-N
N#Cc1ccc(S(=O)(=O)N(CC(F)(F)F)c2ccc(C(O)(C(F)(F)F)C(F)(F)F)cc2)cc1,6.24,ChEMBL,train,RTHMHPHETQFWGP-UHFFFAOYSA-N
O=S(=O)(c1ccc(F)cc1)N(CC(F)(F)F)c1ccc(C(O)(C(F)(F)F)C(F)(F)F)cc1,6.715,ChEMBL,train,XCJCRDUPVLFMDD-UHFFFAOYSA-N
CCS(=O)(=O)c1ccc(CC(=O)Nc2nc(-c3cccc(Cl)c3)c(C(=O)c3ccccc3Cl)s2)cc1,6.58,ChEMBL,train,GRWNPFJXINLSNF-UHFFFAOYSA-N
CC(C)[C@H](C)CC[C@@H](C)[C@H]1CCC2=C3CC[C@H]4[C@H](C)[C@H](O)CC[C@]4(C)[C@H]3CC[C@@]21C,4.75,ChEMBL,train,YDQIBRUWWSGZRH-ISBFUBLLSA-N
C=C1[C@@H](O)CC[C@@]2(C)[C@H]1CCC1=C3CC[C@H]([C@H](C)CCC=C(C)C)[C@@]3(C)CC[C@@H]12,4.68,ChEMBL,train,XIDYYUJBKKSTQB-HXJVOWSFSA-N
COc1ccc2c(c1)C1CC1(C(=O)N1C3CC1CN(Cc1ccccc1)C3)Cn1c-2c(C2CCCCC2)c2ccc(C(=O)NS(=O)(=O)N(C)C)cc21,5.7,ChEMBL,train,OWKZVJNUMQYDCJ-UHFFFAOYSA-N
COc1ccc2c(c1)C1CC1(C(=O)N1C3CCC1CNC3)Cn1c-2c(C2CCCCC2)c2ccc(C(=O)NS(=O)(=O)N(C)C)cc21,5.05,ChEMBL,train,UCNRDEOTNRRDSE-UHFFFAOYSA-N
COc1ccc2c(c1)C1CC1(C(=O)N1C3CCC1CN(C)C3)Cn1c-2c(C2CCCCC2)c2ccc(C(=O)NS(=O)(=O)N(C)C)cc21,6.0,ChEMBL,train,ZTTKEBYSXUCBSE-UHFFFAOYSA-N
COc1ccc2c(c1)C1CC1(C(=O)N1CC3CCC(C1)N3C)Cn1c-2c(C2CCCCC2)c2ccc(C(=O)NS(=O)(=O)N(C)C)cc21,5.52,ChEMBL,train,NGOKHMMSOIFOKA-UHFFFAOYSA-N
COc1ccc2c(c1)C1CC1(C(=O)N1CC3CCC(C1)O3)Cn1c-2c(C2CCCCC2)c2ccc(C(=O)NS(=O)(=O)N(C)C)cc21,6.22,ChEMBL,train,GZNPNEGPNDQTQQ-UHFFFAOYSA-N
CC(C)CCC(=O)O[C@H]1CC[C@H]2[C@@H]3CCC4=CC(=O)CC[C@]4(C)[C@H]3CC[C@]12C,4.55,ChEMBL,train,PPYHLSBUTAPNGT-BKWLFHPQSA-N
O=C(N/N=C/c1ccc(-c2ccccc2[N+](=O)[O-])o1)c1cncc(Br)c1,4.03,ChEMBL,train,WZTANKODANEIRR-KEBDBYFISA-N
CC(C)CN(Cc1ccc(-c2ccc(S(C)(=O)=O)cc2)cc1)S(=O)(=O)Cc1ccccc1,5.52,ChEMBL,train,PLZDXNPMOQHWFC-UHFFFAOYSA-N
O=C(Nc1ccc2c(c1)N(S(=O)(=O)c1ccc(F)cc1)CCC2)c1c(F)cccc1Cl,6.09,ChEMBL,train,YVMQUIHDHWLADX-UHFFFAOYSA-N
Clc1ccc(C2(c3nnc4c(Oc5ccccc5)cccn34)CC2)cc1,5.75,ChEMBL,train,ULRAWWVMQFIUCW-UHFFFAOYSA-N
Clc1ccc(C2(c3nnc4c(Oc5ccccc5Cl)cccn34)CC2)cc1,6.01,ChEMBL,train,PNVISBSJOVSMIK-UHFFFAOYSA-N
Clc1ccc(C2(c3nnc4c(Oc5cccc(Cl)c5)cccn34)CC2)cc1,6.1,ChEMBL,train,MWCQWYCYOKYQII-UHFFFAOYSA-N
Clc1ccc(Oc2cccn3c(C4(c5ccc(Cl)cc5)CC4)nnc23)cc1,5.92,ChEMBL,train,MBDMAPPPOSTTSN-UHFFFAOYSA-N
Fc1ccccc1Oc1cccn2c(C3(c4ccc(Cl)cc4)CC3)nnc12,5.96,ChEMBL,train,OUNKWLWWQCCPIP-UHFFFAOYSA-N
Clc1ccc(C2(c3nnc4c(Oc5ccccc5N5CCOCC5)cccn34)CC2)cc1,6.4,ChEMBL,train,UUKVPGQBLMJINN-UHFFFAOYSA-N
FC(F)(F)Oc1ccccc1Oc1cccn2c(C3(c4ccc(Cl)cc4)CC3)nnc12,6.52,ChEMBL,train,OBPRFPBKSUICFQ-UHFFFAOYSA-N
Oc1ccccc1Oc1cccn2c(C3(c4ccc(Cl)cc4)CC3)nnc12,5.58,ChEMBL,train,MVSGEHDEGWQBQJ-UHFFFAOYSA-N
CS(=O)(=O)c1ccccc1Oc1cccn2c(C3(c4ccc(Cl)cc4)CC3)nnc12,6.16,ChEMBL,train,RULTVKUCIIFLBJ-UHFFFAOYSA-N
Clc1ccc(C2(c3nnc4c(Oc5ccccc5-c5ccccc5)cccn34)CC2)cc1,6.3,ChEMBL,train,PVWQXJAEVDVYLP-UHFFFAOYSA-N
Clc1ccc(C2(c3nnc4c(Oc5ccc6ccccc6c5)cccn34)CC2)cc1,6.1,ChEMBL,train,BFSXCXZPOKQITB-UHFFFAOYSA-N
Cc1ncccc1Oc1cccn2c(C3(c4ccc(Cl)cc4)CC3)nnc12,5.55,ChEMBL,train,ODDIZXNBPIGTFD-UHFFFAOYSA-N
Clc1ccc(C2(c3nnc4c(OC5CCCCC5)cccn34)CC2)cc1,6.22,ChEMBL,train,TWPRIJGADLWQSF-UHFFFAOYSA-N
Clc1ccc(C2(c3nnc4c(OC5CCOCC5)cccn34)CC2)cc1,5.0,ChEMBL,train,ZTWRRZZEACRUHL-UHFFFAOYSA-N
Clc1ccc(C2(c3nnc4c(OC5CCC5)cccn34)CC2)cc1,5.82,ChEMBL,train,YWLUWYWAKSCCPD-UHFFFAOYSA-N
Clc1ccc(C2(c3nnc4c(C5CCC5)cccn34)CC2)cc1,6.05,ChEMBL,train,UTNGGQLDLOPGEY-UHFFFAOYSA-N
Clc1ccc(C2(c3nnc4c(C5CC5)cccn34)CC2)cc1,4.3,ChEMBL,train,DSIKPABWAOKGSR-UHFFFAOYSA-N
CC(C)c1cccn2c(C3(c4ccc(Cl)cc4)CC3)nnc12,6.0,ChEMBL,train,TVFMGTKSNWTWKN-UHFFFAOYSA-N
Cc1cccn2c(C3(c4ccc(Cl)cc4)CC3)nnc12,5.06,ChEMBL,train,CMPKUQJCGVJOQI-UHFFFAOYSA-N
CC(C)[C@@H](NC(=O)N[C@H]1CC[C@H](O)C1)C(=O)N1CC[C@](O)(c2ccc(Cl)cc2)C(C)(C)C1,5.24,ChEMBL,train,OHILZTIHDULTLZ-KTIHBUSBSA-N
CC(C)[C@@H](NC(=O)N[C@H]1CC[C@@H](O)C1)C(=O)N1CC[C@](O)(c2ccc(Cl)cc2)C(C)(C)C1,4.72,ChEMBL,train,OHILZTIHDULTLZ-SMOZNVCYSA-N
CC(C)[C@@H](NC(=O)C[C@@H](C)O)C(=O)N1CC[C@](O)(c2ccc(Cl)cc2)C(C)(C)C1,5.11,ChEMBL,train,MCGBRPPVNAYOKQ-YOMUGFJLSA-N
CC(C)[C@@H](NC(=O)CCC(C)(C)O)C(=O)N1CC[C@](O)(c2ccc(Cl)cc2)C(C)(C)C1,4.6,ChEMBL,train,FPRLELFWIAKJTK-YKSBVNFPSA-N
[2H]C([2H])([2H])N(C(=O)c1c(F)cccc1Cl)c1ccc(-c2cc(NC(C)=O)nn2C(C)C)cc1N1CC2CC2C1,5.0,ChEMBL,train,JGJWPIOGJPAGQE-GKOSEXJESA-N
[2H]C([2H])([2H])N(C(=O)c1c(F)cccc1Cl)c1ccc(-c2cc(NC(C)=O)nn2C(C)C)cc1N1CCCC1,6.1,ChEMBL,train,JGWLJYUWJAGUIP-GKOSEXJESA-N
[2H]C([2H])([2H])N(C(=O)c1c(Cl)cccc1Cl)c1ccc(-c2cc(NC(C)=O)nn2C(C)C)cc1N1CC2CC2C1,6.3,ChEMBL,train,ZWHNWMJLCJLVSY-GKOSEXJESA-N
[2H]C([2H])([2H])N(C(=O)c1c(F)cccc1Cl)c1ncc(-c2cc(NC(C)=O)nn2C(C)C)cc1N1CC2CC2C1,5.89,ChEMBL,train,BVSYOQKSSURMLP-GKOSEXJESA-N
[2H]C([2H])([2H])N(C(=O)c1c(F)cccc1Cl)c1ccc(-c2cc(NC(C)=O)nn2C2CCCC2)cc1N1CC2CC2C1,6.3,ChEMBL,train,HLRDMFKUBGUXIF-BMSJAHLVSA-N
[2H]C([2H])([2H])N(C(=O)c1c(F)cccc1Cl)c1ccc(-c2cc(NC(C)=O)nn2CC2CC2)cc1N1CC2CC2C1,5.06,ChEMBL,train,OLKVAPHBBJHGSH-BMSJAHLVSA-N
[2H]C([2H])([2H])N(C(=O)c1c(F)cccc1Cl)c1ccc(-c2cc(NC(C)=O)nn2C(C)C2CC2)cc1N1CC2CC2C1,6.05,ChEMBL,train,UZBUSCTWIRRONO-HPRDVNIFSA-N
CC(=O)Nc1cc(-c2cnc(N(C)C(=O)c3c(F)cccc3Cl)c(N3CCCCC3)c2)n(C(C)C)n1,5.27,ChEMBL,train,CZCYKTLYAQHJOI-UHFFFAOYSA-N
CC(=O)Nc1nc(C(C)C)c(-c2cnc(N(C)C(=O)c3c(F)cccc3Cl)c(N3CCCCC3)c2)s1,6.4,ChEMBL,train,SJHVCKKHMDJXRU-UHFFFAOYSA-N
O=C(Nc1ccc2c(c1)N(S(=O)(=O)c1ccc(F)cc1)CCC2)c1c(F)cccc1F,5.96,ChEMBL,train,FVZFZUZUHQAGGY-UHFFFAOYSA-N
O=C(Nc1ccc2c(c1)N(S(=O)(=O)c1ccc(F)cc1)CC2)c1c(F)cccc1F,5.32,ChEMBL,train,GSOBXIVEUTZFSC-UHFFFAOYSA-N
O=C(Nc1ccc2c(c1)N(S(=O)(=O)c1ccc(F)cc1)CCC2)c1ccccc1Cl,6.03,ChEMBL,train,LKFZKPRWHFURRD-UHFFFAOYSA-N
Cc1nc(C)c(CNc2nc(C3CC3)nc(Cl)c2C)s1,4.72,ChEMBL,train,BKAQDKUFAULKQY-UHFFFAOYSA-N
Cc1nc(C)c(CNc2nc(OCCCc3ccc4ccccc4n3)nc(Cl)c2C)s1,5.67,ChEMBL,train,DWLPNEAIQATTGD-UHFFFAOYSA-N
Cc1c(Cl)nc(OC[C@H]2C[C@@H]2c2ccccn2)nc1NCc1cnn(C)c1,5.234999999999999,ChEMBL,train,KIYBJKHIYOZLEC-CABCVRRESA-N
Cn1cc(CNc2cc(OC[C@H]3C[C@@H]3c3ccccn3)nc3ccnn23)cn1,4.64,ChEMBL,train,YLPZTDCVMOWRPZ-CVEARBPZSA-N
COC(=O)N[C@H](C(=O)N1CCC[C@H]1c1ncc(-c2ccc(-c3cc4cc(-c5cnc([C@@H]6CCCN6C(=O)[C@@H](NC(=O)OC)C(C)C)[nH]5)ccc4o3)cc2)[nH]1)C(C)C,5.48,ChEMBL,train,QKFUCROVTLGTAV-VOIOCNMVSA-N
CC1(C)CCc2cc(S(=O)(=O)N(CC(=O)O)C3(c4cccc(-c5cc(Cl)cc(Cl)c5)c4)CCC3)ccc2O1,5.52,ChEMBL,train,LWYHAUSQQMAJRN-UHFFFAOYSA-N
C[Si](C)(O)c1ccc(N(CC(F)(F)F)S(=O)(=O)c2ccccc2)cc1,6.13,ChEMBL,train,JZXRTEHVZGXFDD-UHFFFAOYSA-N
CC(C)(O)c1ccc(N(CC(F)(F)F)S(=O)(=O)c2ccccc2)cc1,8.1,ChEMBL,train,BFSZGLRGQFVSKC-UHFFFAOYSA-N
COc1cccc(-c2nc3ccccc3c(=S)[nH]2)c1,6.07,ChEMBL,train,SGSOUQOVKICATR-UHFFFAOYSA-N
O[C@H](c1ccccn1)C1(c2ccc(OC(F)(F)F)cc2)CC(F)(F)C1,5.24,ChEMBL,train,FQHZSWUTWIAWID-CQSZACIVSA-N
NC(=O)c1cc(-c2ccc(F)cc2)c2ccc(CN3C(=O)CCC3=O)cc2n1,6.05,ChEMBL,train,XSTBUOHORFUCIB-UHFFFAOYSA-N
CC(=O)N1CCC(C)(C(=O)N2CC[C@](c3ccc(C(OCc4c(F)cccc4F)(C(F)(F)F)C(F)(F)F)cc3)(S(=O)(=O)c3ccc(F)cc3)C2)CC1,6.2,ChEMBL,train,LOEKGZIWKVJYER-YTTGMZPUSA-N
CS(=O)(=O)C1CCC(C(=O)N2CC[C@](c3ccc(C(F)(C(F)(F)F)C(F)(F)F)cc3)(S(=O)(=O)c3ccc(F)cc3)C2)CC1,5.75,ChEMBL,train,ROJWRLPLLGYYCX-PZYUZEHPSA-N
NC(=O)c1cc(-c2ccc(F)cc2)c2ccc(CN3CCOC(C(F)(F)F)C3)cc2n1,4.78,ChEMBL,train,PQGBVTXVOBDHIA-UHFFFAOYSA-N
CC(=O)N1CCN(C(=O)N2CC[C@](c3ccc(C(OCc4c(F)cccc4C#N)(C(F)(F)F)C(F)(F)F)cc3)(S(=O)(=O)c3ccc(F)cc3)C2)CC1,5.91,ChEMBL,train,QJQIXZIPDHUXKU-HKBQPEDESA-N
CC(=O)N1CCC(C(=O)N2CC[C@](c3ccc(C(O)(C(F)(F)F)C(F)(F)F)cc3)(S(=O)(=O)c3ccc(F)cc3)C2)CC1,5.11,ChEMBL,train,KJQFBTHRWLTPCF-DEOSSOPVSA-N
O=S(=O)(c1ccc(F)cc1)[C@@]1(c2ccc(C(O)(C(F)(F)F)C(F)(F)F)cc2)CCNC1,6.36,ChEMBL,train,OMYNIZMYRGKJIF-INIZCTEOSA-N
O=C(O)[C@H]1CC[C@H](C(=O)N2CC[C@](c3ccc(C(F)(C(F)(F)F)C(F)(F)F)cc3)(S(=O)(=O)c3ccc(Cl)cc3)C2)CC1,5.19,ChEMBL,train,OWEBVLUQSSGDRX-UAVUOLJFSA-N
CC(=O)N1CCN(C(=O)N2CC[C@](c3ccc(C(O)(C(F)(F)F)C(F)(F)F)cc3)(S(=O)(=O)c3ccc(F)cc3)C2)CC1,5.31,ChEMBL,train,LGFLFKROQCMBLV-QHCPKHFHSA-N
O=C(O)[C@H]1CC[C@](F)(C(=O)N2CC[C@](c3ccc(C(F)(C(F)(F)F)C(F)(F)F)cc3)(S(=O)(=O)c3ccc(F)cc3)C2)CC1,4.97,ChEMBL,train,VXQLLPVKMJJWAK-GHEQTVGYSA-N
NC(=O)c1cc(-c2ccc(F)cc2)c2ccc(CN3CCNC(C(F)(F)F)C3)cc2n1,5.15,ChEMBL,train,ZUPFJKSJZHRSRX-UHFFFAOYSA-N
CCC1(C(=O)N2CC[C@](c3ccc(C(F)(C(F)(F)F)C(F)(F)F)cc3)(S(=O)(=O)c3ccc(F)cc3)C2)CCS(=O)(=O)CC1,5.28,ChEMBL,train,HQZCXDWOMVTYLT-DEOSSOPVSA-N
O=C(C1CCS(=O)(=O)C1)N1CC[C@](c2ccc(C(F)(C(F)(F)F)C(F)(F)F)cc2)(S(=O)(=O)c2ccc(F)cc2)C1,5.14,ChEMBL,train,QABINSUJKJJFAK-FXMQYSIJSA-N
O=C(O)[C@H]1CC[C@H](C(=O)N2CC[C@](c3ccc(C(OCc4c(F)cccc4Cl)(C(F)(F)F)C(F)(F)F)cc3)(S(=O)(=O)c3ccc(F)cc3)C2)CC1,6.2,ChEMBL,train,XUEIXEHKBGZSHD-IHPVIADISA-N
CC(C)(O)c1cn(-c2ccc(-c3cc(F)c(CO)c(S(C)(=O)=O)c3)cc2F)c(C(C)(C)c2c(Cl)cccc2Cl)n1,6.0,ChEMBL,train,HNAJDMYOTDNOBK-UHFFFAOYSA-N
O=C(N1CCOCC1)N1CC[C@](c2ccc(C(OCc3c(F)cccc3F)(C(F)(F)F)C(F)(F)F)cc2)(S(=O)(=O)c2ccc(F)cc2)C1,5.9,ChEMBL,train,AVTXZSGXHMLEBX-NDEPHWFRSA-N
Cc1cccc(F)c1COC(c1ccc([C@]2(S(=O)(=O)c3ccc(F)cc3)CCN(C(=O)[C@H]3CC[C@H](C(=O)O)CC3)C2)cc1)(C(F)(F)F)C(F)(F)F,5.32,ChEMBL,train,AEIAAWBDOUMTLX-HYUGZUBYSA-N
NC(=O)c1cc(-c2ccc(F)cc2)c2ccc(CN3CCOC3=O)cc2n1,5.01,ChEMBL,train,DXXJDGIZZRMJON-UHFFFAOYSA-N
CC(C)(O)c1cn(-c2ccc(-c3cc(F)c(CO)c(S(C)(=O)=O)c3)cc2)c(C(C)(C)c2cccc(F)c2Cl)n1,5.52,ChEMBL,train,IQFPWMNABYUYJC-UHFFFAOYSA-N
CC1CC=C(c2cc(C(N)=O)nc3cc(CN4C(=O)CCC4=O)ccc23)CC1,6.22,ChEMBL,train,PQQJZVOILCUNMH-UHFFFAOYSA-N
O=C(C1CCOCC1)N1CC[C@](c2ccc(C(OCc3c(F)cccc3F)(C(F)(F)F)C(F)(F)F)cc2)(S(=O)(=O)c2ccc(F)cc2)C1,4.82,ChEMBL,train,QKBOGWLTELXFIN-LJAQVGFWSA-N
C[C@H](c1cc(F)cc(F)c1)N(C(=O)c1ccccc1)[C@@H](C(N)=O)c1ccccc1,4.99,ChEMBL,train,NNXPFEMWLZLAHM-QVKFZJNVSA-N
CC(=O)N1CCC(c2ccc(C(O)(C(F)(F)F)C(F)(F)F)cc2)(S(=O)(=O)c2ccc(F)cc2)C1,6.32,ChEMBL,train,WSIFDSOTEVLMPK-UHFFFAOYSA-N
O=C(C1CCCC1)N1CCC(c2ccc(C(O)(C(F)(F)F)C(F)(F)F)cc2)(S(=O)(=O)c2ccc(F)cc2)C1,6.1,ChEMBL,train,AWOZLZVEQAYRHZ-UHFFFAOYSA-N
Cc1ccc(S(=O)(=O)[C@@]2(c3ccc(C(F)(C(F)(F)F)C(F)(F)F)cc3)CCN(C(=O)[C@H]3CC[C@H](C(=O)O)CC3)C2)cc1,4.9,ChEMBL,train,PSNZDXCQJULFRM-MHPIHPPYSA-N
O=S(=O)(Nc1nccs1)c1cc(Cl)c(NCC23CCCN2CCC3)cc1F,4.8,ChEMBL,train,XFWKBJBSEOZBRA-UHFFFAOYSA-N
CN1CC2CCC(C1)N2C(=O)[C@]12C[C@H]1c1cc(F)ccc1-c1c(C3CCCCC3)c3ccc(C(=O)NS(=O)(=O)C(C)(C)C)cc3n1C2,4.78,ChEMBL,train,SNJIZEGNGWGVNK-CYOAQLCUSA-N
CC1(C)CN2CCC[C@]2(CNc2cc(F)c(S(=O)(=O)Nc3nccs3)cc2Cl)C1,5.25,ChEMBL,train,XBIMZDZZPNFVOV-LJQANCHMSA-N
O=C(CC1(c2ccc(F)cc2)C2CC3CC(C2)CC1C3)N1CC(O)C1,5.17,ChEMBL,train,GWPZGCNYPPFAFR-UHFFFAOYSA-N
CN1CC2CCC(C1)N2C(=O)[C@]12C[C@H]1c1cc(F)ccc1-c1c(C3CCCCC3)c3ccc(C(=O)NS(=O)(=O)C4(C)CC4)cc3n1C2,4.78,ChEMBL,train,CWSDSHIYVCDQNB-CYOAQLCUSA-N
CCOc1ccc2c(C(=O)N[C@H](c3ccccc3)C(F)(F)F)c(CN3CCC(N4CCCCC4)CC3)c(-c3cccc(C(F)(F)F)c3)nc2c1,5.89,ChEMBL,train,OLSYLXLXFVIGDV-PGUFJCEWSA-N
CN1C(=O)[C@@H](NC(=O)c2n[nH]c(Cc3ccccc3)n2)COc2ccccc21,4.89,ChEMBL,train,LYPAFUINURXJSG-AWEZNQCLSA-N
CNC(=O)c1c(-c2ccc(F)cc2)oc2ccc(-c3cc(C(=O)NC4(c5ccccn5)CC4)ccc3C)cc12,5.8,ChEMBL,train,KCWQOCLBLVNNLJ-UHFFFAOYSA-N
CN1CC2CCC(C1)N2C(=O)[C@]12C[C@H]1c1cc(F)ccc1-c1c(C3CCCCC3)c3ccc(C(=O)NS(C)(=O)=O)cc3n1C2,5.08,ChEMBL,train,OCPBFYICLBKMRJ-OTQYBARZSA-N
CCOP(=O)(OCC)C(=Cc1ccccc1)P(=O)(OCC)OCC,6.57,ChEMBL,train,USVUIHWUJYTHTE-UHFFFAOYSA-N
CCS(=O)(=O)NC(=O)c1ccc2c(C3CCCCC3)c3n(c2c1)C[C@@]1(C(=O)N2C4CCC2CN(C)C4)C[C@H]1c1cc(F)ccc1-3,5.56,ChEMBL,train,UMZMJQZKQWPUCN-ZAKJMPIZSA-N
CCOP(=O)(OCC)C(=Cc1c2ccccc2cc2ccccc12)P(=O)(OCC)OCC,6.54,ChEMBL,train,FFBFZSFLAOADHS-UHFFFAOYSA-N
O=S(=O)(c1ccc(F)cc1)[C@]1(c2ccc(C(O)(C(F)(F)F)C(F)(F)F)cc2)CCNC1,6.28,ChEMBL,train,OMYNIZMYRGKJIF-MRXNPFEDSA-N
O=C(O)CC[C@H]1CN(S(=O)(=O)c2cccc(C(F)(F)F)c2)c2cc(/C=C/c3c(Cl)cccc3C(F)(F)F)ccc2O1,5.7,ChEMBL,train,HNQAJIBKSKZNTO-HKMNZKMDSA-N
CC(C)(O)CNC(=O)C[C@H]1CCc2cc(C(O)(C(F)(F)F)C(F)(F)F)ccc2N1S(=O)(=O)c1ccc(F)cc1,5.54,ChEMBL,train,WKDNXLPZDBZVOG-QGZVFWFLSA-N
O=C(CC1CN(S(=O)(=O)c2ccc(F)cc2)c2ccc(C(O)(C(F)(F)F)C(F)(F)F)cc2S1)N1CCOCC1,6.42,ChEMBL,train,FLXMKXZJQCUECV-UHFFFAOYSA-N
CC(C)(O)CNC(=O)CC1CSc2cc(C(O)(C(F)(F)F)C(F)(F)F)ccc2N1S(=O)(=O)c1ccc(F)cc1,5.87,ChEMBL,train,DUBUCROMSYFQOW-UHFFFAOYSA-N
CC1(C)CCN(S(=O)(=O)c2ccc(F)cc2)c2ccc(C(O)(C(F)(F)F)C(F)(F)F)cc21,7.44,ChEMBL,train,IFPBFPWEKKDYCO-UHFFFAOYSA-N
Cc1ccc(NC(=O)Nc2cc(-c3ccccc3-c3nnn[nH]3)ccc2N(CC(C)C)CC(C)C)cc1,5.85,ChEMBL,train,CJNMMPAEIYFQIJ-UHFFFAOYSA-N
O=C(CC1CN(S(=O)(=O)c2ccc(F)cc2)c2ccc(C(O)(C(F)(F)F)C(F)(F)F)cc2S1)Nc1nncs1,6.59,ChEMBL,train,VZANPRWREWRZMY-UHFFFAOYSA-N
CC1CCN(S(=O)(=O)c2ccc(F)cc2)c2ccc(C(O)(C(F)(F)F)C(F)(F)F)cc21,7.8,ChEMBL,train,VCMYLRPKPWPXLZ-UHFFFAOYSA-N
O=S(=O)(c1ccc(F)cc1)N1CCSc2cc(C(O)(C(F)(F)F)C(F)(F)F)ccc21,7.7,ChEMBL,train,NMKUHNALTSCROZ-UHFFFAOYSA-N
CC(C)(O)CNC(=O)CC1Cc2cc(C(O)(C(F)(F)F)C(F)(F)F)ccc2N(S(=O)(=O)c2ccc(F)cc2)C1,6.545,ChEMBL,train,YACNBOWUNVKVEQ-UHFFFAOYSA-N
O=S(=O)(c1ccc(F)cc1)N1CCCc2cc(C(O)(C(F)(F)F)C(F)(F)F)ccc21,7.6,ChEMBL,train,VDGMDLWYOUANBX-UHFFFAOYSA-N
CC(C)(O)[C@H](F)CNC(=O)C[C@@H]1CCc2cc(C(O)(C(F)(F)F)C(F)(F)F)ccc2N1S(=O)(=O)c1ccc(F)cc1,5.7,ChEMBL,train,FQWMGYJHFABALZ-FXAWDEMLSA-N
NC(=O)CC1CN(S(=O)(=O)c2ccc(F)cc2)c2ccc(C(O)(C(F)(F)F)C(F)(F)F)cc2S1,6.72,ChEMBL,train,KBDBIOMGAWEQRR-UHFFFAOYSA-N
CC(C)(O)CNC(=O)C[C@@H]1CN(S(=O)(=O)c2ccc(F)cc2)c2ccc(C(O)(C(F)(F)F)C(F)(F)F)cc2S1,6.64,ChEMBL,train,XUCORPNQMQOUMD-OAHLLOKOSA-N
CC(C)(O)CNC(=O)CC1CCc2cc(C(O)(C(F)(F)F)C(F)(F)F)ccc2N1S(=O)(=O)c1ccc(F)cc1,5.7,ChEMBL,train,WKDNXLPZDBZVOG-UHFFFAOYSA-N
CC(C)(O)CNC(=O)C[C@H]1CN(S(=O)(=O)c2ccc(F)cc2)c2ccc(C(O)(C(F)(F)F)C(F)(F)F)cc2S1,6.84,ChEMBL,train,XUCORPNQMQOUMD-HNNXBMFYSA-N
CC(C)(O)CNC(=O)CC1CN(S(=O)(=O)c2ccc(F)cc2)c2ccc(C(O)(C(F)(F)F)C(F)(F)F)cc2S1,6.76,ChEMBL,train,XUCORPNQMQOUMD-UHFFFAOYSA-N
CC(C)(O)CNC(=O)C[C@@H]1CCc2cc(C(O)(C(F)(F)F)C(F)(F)F)ccc2N1S(=O)(=O)c1ccc(F)cc1,5.74,ChEMBL,train,WKDNXLPZDBZVOG-KRWDZBQOSA-N
O=C(CC1CN(S(=O)(=O)c2ccc(F)cc2)c2ccc(C(O)(C(F)(F)F)C(F)(F)F)cc2S1)Nc1ccncc1,6.6,ChEMBL,train,YOFKGHWSZHDQNO-UHFFFAOYSA-N
CN1CCN(S(=O)(=O)c2ccc(F)cc2)c2ccc(C(O)(C(F)(F)F)C(F)(F)F)cc21,7.75,ChEMBL,train,ADKOPWFCGKLXMN-UHFFFAOYSA-N
COC(=O)CC1CN(S(=O)(=O)c2ccc(F)cc2)c2ccc(C(O)(C(F)(F)F)C(F)(F)F)cc2S1,7.26,ChEMBL,train,XSVGKHXBWUUWFX-UHFFFAOYSA-N
CC(C)(O)CC(=O)NCC1CN(S(=O)(=O)c2ccc(F)cc2)c2ccc(C(O)(C(F)(F)F)C(F)(F)F)cc2S1,6.28,ChEMBL,train,RHLFGMGTNLPFMT-UHFFFAOYSA-N
CC1(C)Cc2c(c(C(=O)Nc3ccc(F)c(C(F)(F)F)c3)cc3nc(Nc4c(F)cccc4Cl)[nH]c23)O1,5.61,ChEMBL,train,RNSBVQNXRDUTET-UHFFFAOYSA-N
Cc1ccc(-c2cc(C(=O)N[C@H](C)c3ccc(F)cn3)cc(C(C)(C)O)c2)nc1,5.7,ChEMBL,train,LPTQAIRPRNDOIX-OAHLLOKOSA-N
Cc1ccc(-c2cc(C(=O)N[C@H](C)c3ccc(C(F)(F)F)nc3)cc(C(C)(C)O)c2)nc1,4.75,ChEMBL,train,JWKPMQOUHKVOGB-OAHLLOKOSA-N
CCN(c1ccc([Si](C)(C)O)cc1)S(=O)(=O)c1ccccc1,5.72,ChEMBL,train,VTYNTIZIGYBROX-UHFFFAOYSA-N
C[Si](C)(O)c1ccc(N(Cc2ccccc2)S(=O)(=O)c2ccccc2)cc1,5.5,ChEMBL,train,FRQLYOZVSRAGAX-UHFFFAOYSA-N
C[Si](C)(O)c1ccc(N(CCc2ccccc2)S(=O)(=O)c2ccccc2)cc1,4.85,ChEMBL,train,KYIXMFDHWLZHHB-UHFFFAOYSA-N
CN(c1ccc([Si](C)(C)O)cc1)S(=O)(=O)c1ccccc1,5.47,ChEMBL,train,DMQWCSBVIYWTGT-UHFFFAOYSA-N
COC(=O)CN(c1ccc([Si](C)(C)O)cc1)S(=O)(=O)c1ccccc1,5.85,ChEMBL,train,CHADRLVAUQMLCQ-UHFFFAOYSA-N
CCCCN(c1ccc([Si](C)(C)O)cc1)S(=O)(=O)c1ccccc1,5.19,ChEMBL,train,WPWNXJKKEVXEAJ-UHFFFAOYSA-N
COCCN(c1ccc([Si](C)(C)O)cc1)S(=O)(=O)c1ccccc1,5.38,ChEMBL,train,QLFYITAUDVXXCJ-UHFFFAOYSA-N
C[Si](C)(O)c1ccc(NS(=O)(=O)c2ccccc2)cc1,5.62,ChEMBL,train,ZEDQIAMGWGTPEW-UHFFFAOYSA-N
CC(C)N(C)Cc1cccc(F)c1CNc1cc(F)c(S(=O)(=O)Nc2cscn2)c(F)c1,5.39,ChEMBL,train,ANGUVPSJNSWBFO-UHFFFAOYSA-N
Clc1ccc(-c2nc3occn3c2/C=N/OCc2ccc(Cl)c(Cl)c2)cc1,5.89,ChEMBL,train,TZFZWSAJLAHLPR-AUEPDCJTSA-N
CC(O)(c1ccc(C2(S(=O)(=O)c3ccc(F)cc3)CCCC2)cc1)C(F)(F)F,6.62,ChEMBL,train,RWBSXNHLRLVENO-UHFFFAOYSA-N
C/C(=C\CC/C(C)=C/CC[C@]1(C)CCc2cc(O[C@@H]3O[C@H](C(=O)[O-])[C@@H](O)[C@H](O)[C@H]3O)cc(C)c2O1)CC/C=C(\C)C(=O)[O-].[Na+].[Na+],4.77,ChEMBL,train,VJKILDBAPSMAKI-MMAQEUAZSA-L
O=S(=O)(Nc1cscn1)c1cc(Cl)c(NCc2c(F)cccc2CN2CCC2)cc1F,5.51,ChEMBL,train,ZKBINYGXHLBBGG-UHFFFAOYSA-N
CCC(O)(c1ccc(C2(S(=O)(=O)c3ccc(F)cc3)CCCC2)cc1)C(F)(F)F,7.32,ChEMBL,train,CJEPCVNMGKMCGZ-UHFFFAOYSA-N
COc1ccc(F)c([C@H](C)Nc2cc(F)c(S(=O)(=O)Nc3cscn3)cc2Cl)c1,5.78,ChEMBL,train,YURAPCXMUFFHQV-JTQLQIEISA-N
CC(c1ccc(C2(S(=O)(=O)c3ccc(F)cc3)CCCC2)cc1)(C(F)(F)F)C(F)(F)F,6.12,ChEMBL,train,YRKKHOVWVALOSL-UHFFFAOYSA-N
CC1(C)CCN1Cc1cccc(F)c1CNc1cc(F)c(S(=O)(=O)Nc2cscn2)cc1Cl,5.32,ChEMBL,train,RGBIVRJIERNIRK-UHFFFAOYSA-N
FC(F)(F)c1ccc(CO/N=C/c2c(-c3ccc4ccccc4c3)nc3occn23)cc1,5.7,ChEMBL,train,YNPJUDOGHKZVIK-CCVNUDIWSA-N
CC(C)(C)OC(=O)N1CC[C@H]2[C@@H](c3ccsc3)Nc3c(ccc4c3CCCC4)[C@H]21,5.5,ChEMBL,train,QXEBBPGCVMMMOF-TUNNFDKTSA-N
CC(C)(C)OC(=O)N1CC[C@@H]2[C@H](c3ccco3)Nc3c(ccc4c3CCCC4)[C@@H]21,5.82,ChEMBL,train,WDPMPXYPKBSKLH-QIJUGHKUSA-N
CC(C)(CCO)c1cccn2c(C3(c4ccc(Cl)cc4)CC3)nnc12,5.89,ChEMBL,train,AOCAWQPFJXXOHX-UHFFFAOYSA-N
Cc1nc2cc(-c3ccccc3)nn2c(-c2cc(F)c3c(c2C)CCCO3)c1[C@H](OC(C)(C)C)C(=O)O,5.24,ChEMBL,train,TZXRURYHFBZSGH-MHZLTWQESA-N
Cc1c(C)c2c(c(C)c1O)CC[C@@](C)(CCC[C@H](C)CCC[C@H](C)CCCC(C)C(=O)O)O2,5.48,ChEMBL,train,NJIUWSABAIXPGI-ZLLRIDPDSA-N
CC1(C)CCC(C)(C)c2cc(-c3nc4sccn4c3/C=N/OCc3ccc(Cl)c(Cl)c3)ccc21,5.44,ChEMBL,train,XEVQQYOJAMMTIB-FJEPWZHXSA-N
OC(c1cccn2c(C3(c4ccc(Cl)cc4)CC3)nnc12)C1CC1,4.32,ChEMBL,train,BRLDZMBOIRWMNY-UHFFFAOYSA-N
C[C@H](Nc1cc(F)c(S(=O)(=O)Nc2nccs2)cc1Cl)c1cccnc1,5.52,ChEMBL,train,QTEMPVGNCZGUQZ-JTQLQIEISA-N
C[C@H](Nc1cc(F)c(S(=O)(=O)Nc2cscn2)c(F)c1)c1cc(C#N)ccc1F,6.2,ChEMBL,train,MULKIBHRPCRKGZ-JTQLQIEISA-N
CC1(C)CCN1Cc1cccc(F)c1CNc1cc(F)c(S(=O)(=O)Nc2cscn2)c(F)c1,4.93,ChEMBL,train,GFSUVQOECDPIQJ-UHFFFAOYSA-N
C/C(=C\CC/C(C)=C/CC[C@]1(C)CCc2cc(O)cc(C)c2O1)CC/C=C(\C)C(=O)O,5.89,ChEMBL,train,QOFWRHWADNWKSU-LRXIOGKNSA-N
CC(C)(C)OC(=O)N1CC[C@@H]2[C@H]1c1ccc3c(c1N[C@H]2c1ccsc1)CCCC3,5.92,ChEMBL,train,QXEBBPGCVMMMOF-JAXLGGSGSA-N
Clc1ccc(CO/N=C/c2c(-c3ccc4ccccc4c3)nc3occn23)cc1Cl,5.23,ChEMBL,train,UAKNSRDQWPLPHH-LGJNPRDNSA-N
Cc1cc(O)cc2c1O[C@](C)(CCC[C@H](C)CCC[C@H](C)CCCC(C)C(=O)O)CC2,5.52,ChEMBL,train,BCORXIGZWZRPBY-IOABHXFUSA-N
C[C@H](Nc1cc(F)c(S(=O)(=O)Nc2cscn2)c(F)c1)c1ccccc1F,6.6,ChEMBL,train,KTUKIQYULOKPOV-JTQLQIEISA-N
Cc1cc(O)cc2c1O[C@](C)(CCC[C@H](C)CCC[C@H](C)CCCC(C)CO)CC2,5.8,ChEMBL,train,BCXUWFJENSOESD-YGTUODHKSA-N
CC(C)(C)OC(=O)N1CC[C@@H]2[C@@H](c3ccsc3)Nc3c(ccc4c3CCCC4)[C@@H]21,5.43,ChEMBL,train,QXEBBPGCVMMMOF-SJBKTWHCSA-N
O=S(=O)(c1ccc(F)cc1)C1(c2ccc(C(F)(C(F)(F)F)C(F)(F)F)cc2)CCCC1,6.0,ChEMBL,train,BRZMGCBYNWBKCQ-UHFFFAOYSA-N
OCCCc1cccn2c(C3(c4ccc(Cl)cc4)CC3)nnc12,4.6,ChEMBL,train,UWVBWBKYVHHNLM-UHFFFAOYSA-N
CN(Cc1cccc(F)c1CNc1cc(F)c(S(=O)(=O)Nc2cscn2)c(F)c1)C(C)(C)C,5.03,ChEMBL,train,VOJFVKGTRNXOTJ-UHFFFAOYSA-N
CC(C)(C[C@H]1CN(S(=O)(=O)c2cccc(C(F)(F)F)c2)c2cc(-c3cc(F)cc(OC(F)F)c3)ccc2O1)C(=O)O,5.1,ChEMBL,train,GULSIMHVQYBADX-FQEVSTJZSA-N
Clc1ccc(CO/N=C/c2c(-c3ccc(-c4ccccc4)cc3)nc3sccn23)cc1Cl,4.24,ChEMBL,train,CYKGNEWIUJKXMA-RWPZCVJISA-N
CC(C)(C)OC(=O)N1CC[C@@H]2[C@H](c3ccsc3)Nc3c(ccc4c3CCCC4)[C@@H]21,5.08,ChEMBL,train,QXEBBPGCVMMMOF-URVUXULASA-N
COc1ccc(F)c([C@H](C)Nc2cc(F)c(S(=O)(=O)Nc3cscn3)c(F)c2)c1,5.61,ChEMBL,train,QYTIKFWKCOVLGN-JTQLQIEISA-N
C[C@H](Nc1cc(F)c(S(=O)(=O)Nc2nccs2)cc1Cl)c1ccc(F)cc1F,6.38,ChEMBL,train,PGAFBTBFTNJDLQ-VIFPVBQESA-N
c1cc([C@@H]2Nc3c(ccc4c3CCCC4)[C@@H]3OCC[C@H]23)cs1,5.46,ChEMBL,train,KANYIZHCPPRBJB-AOIWGVFYSA-N
COC[C@H](Nc1cc(F)c(S(=O)(=O)Nc2nccs2)cc1Cl)c1ccccc1,6.38,ChEMBL,train,HAHBYABDAIXZLF-INIZCTEOSA-N
O=S(=O)(c1ccc(F)cc1)C1(c2ccc(C(Cl)(C(F)(F)F)C(F)(F)F)cc2)CCCC1,6.64,ChEMBL,train,CWXMMQNRAWYVRM-UHFFFAOYSA-N
OCc1cccn2c(C3(c4ccc(Cl)cc4)CC3)nnc12,4.6,ChEMBL,train,QHHUTGUKHPGDBA-UHFFFAOYSA-N
Cc1c(C)c2c(c(C)c1O)CC[C@@](C)(CCCC(C)CCCC(C)CCCC(C)CO)O2,5.82,ChEMBL,train,URYLCCKXLNXSRS-NFBVUDMZSA-N
COC(c1ccc(C2(S(=O)(=O)c3ccc(F)cc3)CCCC2)cc1)(C(F)(F)F)C(F)(F)F,6.04,ChEMBL,train,WRXRCDCZKADEPR-UHFFFAOYSA-N
CC(C)(O)CCc1cccn2c(C3(c4ccc(Cl)cc4)CC3)nnc12,5.44,ChEMBL,train,YPSWZIMENUQPDQ-UHFFFAOYSA-N
C(=N/OCc1ccccc1)\c1c(-c2ccc3ccccc3c2)nc2occn12,5.14,ChEMBL,train,SVQBGUVLKWLPPT-BUVRLJJBSA-N
NC(c1ccc(C2(S(=O)(=O)c3ccc(F)cc3)CCCC2)cc1)(C(F)(F)F)C(F)(F)F,6.56,ChEMBL,train,DLEUANUZDIUIBV-UHFFFAOYSA-N
C[C@H](Nc1cc(F)c(S(=O)(=O)Nc2cscn2)cc1Cl)c1cc(F)ccc1F,6.4,ChEMBL,train,KLWKJFRXLGLTIH-VIFPVBQESA-N
C(=N/OCc1ccc(Oc2ccccc2)cc1)\c1c(-c2ccc3ccccc3c2)nc2occn12,5.96,ChEMBL,train,DLFKZTMLENBWIB-NDZAJKAJSA-N
O=S(=O)(c1ccc(F)cc1)C1(c2ccc(C(O)(C(F)(F)F)C(F)(F)F)cc2)CCCC1,8.0,ChEMBL,train,BANKSZZTXXTYRE-UHFFFAOYSA-N
CC(=O)N1C[C@@H](c2ccc(C(O)(C(F)(F)F)C(F)(F)F)cc2)[C@@](C)(c2ccccc2)C1,6.44,ChEMBL,train,AUXZEIGUWQDCNZ-RBUKOAKNSA-N
C[C@@]1(c2ccc(F)cc2)CN(C(=O)NCc2ccccc2)C[C@@H]1c1ccc(C(O)(C(F)(F)F)C(F)(F)F)cc1,6.33,ChEMBL,train,VZZQWPNMECGJBM-NOZRDPDXSA-N
Cc1ccccc1COC(c1ccc(C2(S(=O)(=O)c3ccc(F)cc3)CCCC2)cc1)(C(F)(F)F)C(F)(F)F,5.63,ChEMBL,train,JQRLHKYSZJBRMY-UHFFFAOYSA-N
CC(=O)N1CCC(C(=O)N2C[C@@H](c3ccc(C(O)(C(F)(F)F)C(F)(F)F)cc3)[C@@](C)(c3ccc(F)cc3)C2)CC1,5.97,ChEMBL,train,PLEBLNIHUKCNPF-UKILVPOCSA-N
CCC(Nc1nnc(-c2ccc(OC)cc2)o1)[C@H]1CC[C@@H](c2ccnc3c(F)cc(F)cc32)CC1,6.26,ChEMBL,train,UYVWUMCZRNBTEH-LDSCYUJKSA-N
C[C@]1(c2ccccc2)CN(C(=O)c2ccccc2)C[C@H]1c1ccc(C(O)(C(F)(F)F)C(F)(F)F)cc1,6.13,ChEMBL,train,QGXLQHDKLPYLDY-LADGPHEKSA-N
CN[C@H](CNc1cc(F)c(S(=O)(=O)Nc2ncc(F)s2)cc1Cl)CC(C)(C)C.Cl,5.0,ChEMBL,train,LUPTXVASMFPNNE-PPHPATTJSA-N
O=S(=O)(c1ccc(F)cc1)C1(c2ccc(C(OCc3ccccc3-c3ccccc3)(C(F)(F)F)C(F)(F)F)cc2)CCCC1,5.84,ChEMBL,train,LFDKDSDZUDCKSM-UHFFFAOYSA-N
C[C@]1(c2ccccc2)CN(S(C)(=O)=O)C[C@H]1c1ccc(C(O)(C(F)(F)F)C(F)(F)F)cc1,6.59,ChEMBL,train,QEFHNUQIMHPUHY-ZWKOTPCHSA-N
C=CCOC(c1ccc(C2(S(=O)(=O)c3ccc(F)cc3)CCCC2)cc1)(C(F)(F)F)C(F)(F)F,6.43,ChEMBL,train,MBRBOTNFDXVHHT-UHFFFAOYSA-N
NC(=O)[C@@H](c1ccccc1)N(C(=O)c1ccccc1)[C@@H]1CCc2c(F)cc(Cl)cc21,5.33,ChEMBL,train,ZLDDOCXDTRTKDS-FGZHOGPDSA-N
C[C@]1(c2ccc(F)cc2)CN(C(=O)C2CCN(C(=O)CO)CC2)C[C@H]1c1ccc(C(O)(C(F)(F)F)C(F)(F)F)cc1,5.71,ChEMBL,train,ZSAIHERMGKDZLS-WIOPSUGQSA-N
C[C@]1(c2ccc(F)cc2)CN(C(=O)NCc2ccncc2)C[C@H]1c1ccc(C(O)(C(F)(F)F)C(F)(F)F)cc1,6.22,ChEMBL,train,SJVMHDPAJABFAS-LADGPHEKSA-N
CCC(Nc1nnc(-c2ccc(OC)cc2)o1)[C@H]1CC[C@@H](c2ccnc3ccc(F)cc32)CC1,6.03,ChEMBL,train,JDPHTOJNZVWWNV-QLCVBSLISA-N
C[C@]1(c2ccccc2)CN(C(=O)NCc2ccccc2)C[C@H]1c1ccc(C(O)(C(F)(F)F)C(F)(F)F)cc1,6.36,ChEMBL,train,MUPBMBQMORRYNG-UKILVPOCSA-N
NC(=O)[C@@H](c1ccccc1)N(C(=O)c1cccnc1)[C@@H]1CCc2c(F)cc(F)cc21,4.33,ChEMBL,train,XQQCXDMAMBRFIA-NHCUHLMSSA-N
Cc1c([C@H](OC(C)(C)C)C(=O)O)c2n3cc(nc3c1C(C)(C)O)-c1cccc(c1)-c1cc(F)ccc1O[C@@H](C)CCCCOC1(C)CCN2CC1,6.0,ChEMBL,train,VFXXOVBXWCAOES-LHAPQZOASA-N
CC(=O)N1CCC(C(=O)N2C[C@@H](c3ccc(C(O)(C(F)(F)F)C(F)(F)F)cc3)[C@@](C)(c3ccccc3)C2)CC1,5.785,ChEMBL,train,YXYVNJXYQMACDG-UKILVPOCSA-N
C[C@]1(c2ccc(F)cc2)CN(C(=O)NCc2ccccc2)C[C@H]1c1ccc(C(O)(C(F)(F)F)C(F)(F)F)cc1,6.285,ChEMBL,train,VZZQWPNMECGJBM-UKILVPOCSA-N
C[C@]1(c2ccc(F)cc2)CN(C(=O)NCc2ccc(C#N)cc2)C[C@H]1c1ccc(C(O)(C(F)(F)F)C(F)(F)F)cc1,6.64,ChEMBL,train,IXYVFFSLTDHRCY-AZGAKELHSA-N
C[C@]1(c2ccc(F)cc2)CN(C(=O)C2CCN(C(=O)CC#N)CC2)C[C@H]1c1ccc(C(O)(C(F)(F)F)C(F)(F)F)cc1,6.3,ChEMBL,train,JACZDQDBHYAEIU-JYFHCDHNSA-N
O=S(=O)(c1ccc(F)cc1)C1(c2ccc(C(OCc3ccccc3Cl)(C(F)(F)F)C(F)(F)F)cc2)CCCC1,6.33,ChEMBL,train,DOYKDSRUMLFCCJ-UHFFFAOYSA-N
CCC(c1nc2ncc(Cl)cc2[nH]1)[C@H]1CC[C@@H](c2ccnc3ccc(C(F)(F)F)cc32)CC1,5.92,ChEMBL,train,SJAZDAYYSBXTSI-MVVMVCHASA-N
C[C@]1(c2ccccc2)CN(Cc2ccccc2)C[C@H]1c1ccc(C(O)(C(F)(F)F)C(F)(F)F)cc1,6.49,ChEMBL,train,AKLFLVCBPUPSAL-BJKOFHAPSA-N
C[C@]1(c2ccccc2)CNC[C@H]1c1ccc(C(O)(C(F)(F)F)C(F)(F)F)cc1,5.9,ChEMBL,train,VNOGAVMRKFTOCP-DLBZAZTESA-N
CCNC(=O)N1C[C@@H](c2ccc(C(O)(C(F)(F)F)C(F)(F)F)cc2)[C@@](C)(c2ccccc2)C1,5.75,ChEMBL,train,LBTVYXPRSQYQBA-AZUAARDMSA-N
C[C@]1(c2ccc(F)cc2)CN(C(=O)NCc2ccc3c(c2)OCO3)C[C@H]1c1ccc(C(O)(C(F)(F)F)C(F)(F)F)cc1,6.75,ChEMBL,train,IVYCDZRSZPXSIU-BKMJKUGQSA-N
CCOCC(Nc1nnc(-c2ccc(OC)cc2)o1)[C@H]1CC[C@@H](c2ccnc3ccc(C(F)(F)F)cc32)CC1,5.32,ChEMBL,train,PSCPZDYDBPJXBM-ULZZTYQWSA-N
C[C@]1(c2ccc(F)cc2)CN(C(=O)C2CCN(C(=O)C(N)=O)CC2)C[C@H]1c1ccc(C(O)(C(F)(F)F)C(F)(F)F)cc1,6.0,ChEMBL,train,CHCJZXNIBIVOCD-SQJMNOBHSA-N
CC[C@]1(c2ccccc2)CN(C(=O)NCc2ccccc2)C[C@H]1c1ccc(C(O)(C(F)(F)F)C(F)(F)F)cc1,6.69,ChEMBL,train,FIBSAWBZGJQYNR-AZGAKELHSA-N
C[C@]1(c2ccc(F)cc2)CN(C(=O)C2CCN(S(C)(=O)=O)CC2)C[C@H]1c1ccc(C(O)(C(F)(F)F)C(F)(F)F)cc1,6.82,ChEMBL,train,ALFCHQITUJBNBS-LADGPHEKSA-N
C[C@H]1C[C@H](C(=O)O)CC[C@H]1C(=O)N1CC[C@@]2(S(=O)(=O)c3ccccc3)c3cc(F)c(C(F)(C(F)(F)F)C(F)(F)F)cc3CC[C@@H]12,5.04,ChEMBL,train,ZRBKKZYWZRWOFL-GSDLGJSISA-N
NC(=O)[C@@H](c1ccccc1)N(C(=O)c1ccccc1)[C@@H]1CCc2c(F)cc(F)cc21,5.02,ChEMBL,train,DYHUHIAITPIDLZ-FGZHOGPDSA-N
CCC(Nc1nnc(-c2ccc(OC)cc2)o1)[C@H]1CC[C@@H](c2ccnc3ccc(C(F)(F)F)cc32)CC1,5.97,ChEMBL,train,SUDVIJKGHSMHQM-QLCVBSLISA-N
C[C@]1(c2ccc(F)cc2)CN(C(=O)C2CCN(C(N)=O)CC2)C[C@H]1c1ccc(C(O)(C(F)(F)F)C(F)(F)F)cc1,5.97,ChEMBL,train,UQQGWBXOULNAGK-XUZZJYLKSA-N
C[C@H](c1cc(F)cc(F)c1)N(C(=O)c1ccccc1N)[C@@H](C(N)=O)c1ccccc1,5.32,ChEMBL,train,ZJVZWZAQXWIKKN-SPLOXXLWSA-N
O=S(=O)(c1ccc(F)cc1)C1(c2ccc(C(OCc3ccccc3)(C(F)(F)F)C(F)(F)F)cc2)CCCC1,6.11,ChEMBL,train,QGTKIIILYWEZDX-UHFFFAOYSA-N
COCC(=O)N1CCC(C(=O)N2C[C@@H](c3ccc(C(O)(C(F)(F)F)C(F)(F)F)cc3)[C@@](C)(c3ccc(F)cc3)C2)CC1,5.81,ChEMBL,train,WVOHMJUIXOIMSP-JYFHCDHNSA-N
CC(=O)N1CC(C(=O)N2CC[C@](c3ccc(C(OCc4c(F)cccc4F)(C(F)(F)F)C(F)(F)F)cc3)(S(=O)(=O)c3ccc(F)cc3)C2)C1,5.94,ChEMBL,train,PEHYFVRCRZKMOD-LJAQVGFWSA-N
CCS(=O)(=O)c1ccc(CNC(=O)N2C[C@@H](c3ccc(C(O)(C(F)(F)F)C(F)(F)F)cc3)[C@@](C)(c3ccc(F)cc3)C2)cc1,8.3,ChEMBL,train,IBNDCXHHUIUCTG-AHKZPQOWSA-N
C[C@@]1(c2ccc(C(O)(C(F)(F)F)C(F)(F)F)cc2)CN(C(=O)NCc2ccccc2)C[C@@H]1c1ccccc1,7.22,ChEMBL,train,XBTSCCZZJWSYDU-NOZRDPDXSA-N
O=S(=O)(c1ccc(F)cc1)C1(c2ccc(C(OCc3c(F)cccc3F)(C(F)(F)F)C(F)(F)F)cc2)CCCC1,6.33,ChEMBL,train,VCGZXUITPFWUPQ-UHFFFAOYSA-N
CCOC(=O)N1C[C@@H](c2ccc(C(O)(C(F)(F)F)C(F)(F)F)cc2)[C@@](C)(c2ccccc2)C1,6.22,ChEMBL,train,XYHMSZPCIZCSPX-AZUAARDMSA-N
C[C@H](c1cc(F)cc(F)c1)N(C(=O)c1ccccc1O)[C@@H](C(N)=O)c1ccccc1,4.92,ChEMBL,train,RJQVGHLPISEKIW-SPLOXXLWSA-N
O=S(=O)(c1ccc(F)cc1)C1(c2ccc(C(OCc3ccccc3F)(C(F)(F)F)C(F)(F)F)cc2)CCCC1,6.2,ChEMBL,train,NQUHJTKYAOJHDD-UHFFFAOYSA-N
C[C@]1(c2ccccc2)CN(CC(N)=O)C[C@H]1c1ccc(C(O)(C(F)(F)F)C(F)(F)F)cc1,6.56,ChEMBL,train,NANKRNOZMVMNLJ-PKOBYXMFSA-N
COc1ccc(CNC(=O)N2C[C@@H](c3ccc(C(O)(C(F)(F)F)C(F)(F)F)cc3)[C@@](C)(c3ccc(F)cc3)C2)cc1,6.72,ChEMBL,train,ZJWOHCMGUADUFY-AZGAKELHSA-N
N#Cc1ccccc1COC(c1ccc(C2(S(=O)(=O)c3ccc(F)cc3)CCCC2)cc1)(C(F)(F)F)C(F)(F)F,6.52,ChEMBL,train,SXDNMIOVAAUQPF-UHFFFAOYSA-N
COCC(Nc1nnc(-c2ccc(OC)cc2)o1)[C@H]1CC[C@@H](c2ccnc3ccc(F)cc32)CC1,5.52,ChEMBL,train,LIBCGSOYQOBXJL-OXUKXLDXSA-N
O=S(=O)(c1ccc(F)cc1)C1(c2ccc(C(Oc3ccccc3)(C(F)(F)F)C(F)(F)F)cc2)CCCC1,6.69,ChEMBL,train,ISZZQXCPQRACKU-UHFFFAOYSA-N
CC(=O)N1CCC(C(=O)N2C[C@H](c3ccc(C(O)(C(F)(F)F)C(F)(F)F)cc3)[C@](C)(c3ccccc3)C2)CC1,5.9,ChEMBL,train,YXYVNJXYQMACDG-NOZRDPDXSA-N
O=S(=O)(c1ccc(F)cc1)C1(c2ccc(C(OCc3ccccc3OC(F)(F)F)(C(F)(F)F)C(F)(F)F)cc2)CCCC1,5.89,ChEMBL,train,LKEFVRSHLPQXBX-UHFFFAOYSA-N
COc1ccc(C2CNC(=O)OC2(C)C)cc1-c1ccc(C(F)(F)F)cc1[C@@H]1CC[C@H]2[C@@H](c3cc(C(F)(F)F)cc(C(F)(F)F)c3)OC(=O)N12,5.7,ChEMBL,train,FQINKRRHMSXCFE-LKBSSSLOSA-N
O=C(O)C1(C[C@H]2CN(S(=O)(=O)c3cccc(C(F)(F)F)c3)c3cc(-c4cc(F)ccc4F)ccc3O2)COC1,4.75,ChEMBL,train,FXFWGSLBMSXPGZ-SFHVURJKSA-N
COc1ccc(CO)cc1-n1nnc(S(=O)(=O)c2ccc(C(C)(C)C)cc2)c1C,6.09,ChEMBL,train,ZQZWWLVPMSHJFT-UHFFFAOYSA-N
COc1cc(-n2nnc(S(=O)(=O)c3ccc(C(C)(C)C)cc3)c2C)c(OC)cc1C(C)C,6.05,ChEMBL,train,FXJUPHJKNJRARY-UHFFFAOYSA-N
COc1ccc(C(N)=O)cc1-n1nnc(S(=O)(=O)c2ccc(C(C)(C)C)cc2)c1C,5.61,ChEMBL,train,NANZUJJGBSAWIF-UHFFFAOYSA-N
COc1ccc(Cl)cc1-c1nc(C)c(S(=O)(=O)c2ccc(C(C)(C)C)cc2)n1C,5.92,ChEMBL,train,VGUPCSUIDCCDNR-UHFFFAOYSA-N
COc1ccc(OC)c(-n2nnc(S(=O)(=O)c3ccc(C)cc3)c2C)c1,5.68,ChEMBL,train,DXYRRGYZBRAKFU-UHFFFAOYSA-N
CC[C@@H](NC(=O)c1ccc(OC)nc1)[C@H]1CC[C@@H](c2ccnc(OC)c2C(F)F)CC1,5.72,ChEMBL,train,VUXXMKIAYMJEHC-RVKKMQEKSA-N
COc1ccc(OC)c(-c2nc(C)c(S(=O)(=O)c3ccc(C(C)(C)C)cc3)n2C)c1,5.92,ChEMBL,train,ITWHJOFOMZLYFK-UHFFFAOYSA-N
COc1cc(Br)c(C)cc1-n1nnc(S(=O)(=O)c2ccc(C(C)(C)C)cc2)c1C,5.89,ChEMBL,train,SDMHZCAFBFMNOP-UHFFFAOYSA-N
C/C(=C\c1ccc2c(c1)N(S(=O)(=O)c1cccc(OC(F)F)c1)C[C@H](CCC(=O)O)O2)c1c(F)cccc1Cl,5.04,ChEMBL,train,XAXBTANDFXVVTI-BAILOTOSSA-N
COc1cc(OC)c(-n2nnc(S(=O)(=O)c3ccc(C(C)(C)C)cc3)c2C)cc1C,6.305,ChEMBL,train,HXRSXIPYPZGCEK-UHFFFAOYSA-N
COc1cc(C(C)=O)c(Cl)cc1-n1nnc(S(=O)(=O)c2ccc(C(C)(C)C)cc2)c1C,6.58,ChEMBL,train,IATNWTNALCFDJK-UHFFFAOYSA-N
COc1ccc(OC)c(-n2nnc(S(=O)(=O)c3ccc(C(C)(C)C)cc3)c2C#N)c1,6.58,ChEMBL,train,YDNGCXVICLTJOO-UHFFFAOYSA-N
COc1ccc(C)cc1-c1nc(C)c(S(=O)(=O)c2ccc(C(C)(C)C)cc2)n1C,6.0,ChEMBL,train,BQNRGXYILVEUPJ-UHFFFAOYSA-N
COc1ccc(Cl)cc1-n1cc(S(=O)(=O)c2ccc(C(C)(C)C)cc2)nn1,6.11,ChEMBL,train,BWMZWTSNHQZTLZ-UHFFFAOYSA-N
CCc1cc(OC)c(-n2nnc(S(=O)(=O)c3ccc(C(C)(C)C)cc3)c2C)cc1Cl,6.16,ChEMBL,train,WVHMJUCJBUJMLH-UHFFFAOYSA-N
COc1ccc(OC)c(-n2nnc(S(=O)(=O)c3ccc(C(C)(C)C)cc3)c2N)c1,6.37,ChEMBL,train,OIVIUWLZJLMQOZ-UHFFFAOYSA-N
COc1ccc(Cl)cc1-c1ncc(S(=O)(=O)c2ccc(C(C)(C)C)cc2)[nH]1,6.44,ChEMBL,train,YISUIHNSTXREED-UHFFFAOYSA-N
COc1cc(C(C)C)c(C)cc1-n1nnc(S(=O)(=O)c2ccc(C(C)(C)C)cc2)c1C,6.08,ChEMBL,train,DBSRTQWUAJYMBG-UHFFFAOYSA-N
COc1ccc(OC)c(-c2ncc(S(=O)(=O)c3ccc(C(C)(C)C)cc3)[nH]2)c1,6.16,ChEMBL,train,YPLRLUDZZUOMEB-UHFFFAOYSA-N
COc1ccc(OC)c(-n2nnc(S(=O)(=O)Cc3ccccc3)c2C)c1,5.47,ChEMBL,train,ICMZCUBBWCVCEH-UHFFFAOYSA-N
COc1cc(C#N)c(C)cc1-n1nnc(S(=O)(=O)c2ccc(C(C)(C)C)cc2)c1C,5.8,ChEMBL,train,HSUZXMWZIRSORF-UHFFFAOYSA-N
COC(=O)c1cc(OC)c(-n2nnc(S(=O)(=O)c3ccc(C(C)(C)C)cc3)c2C)cc1Cl,5.72,ChEMBL,train,FXPDOXDYGICTQN-UHFFFAOYSA-N
COc1ccc(OC)c(-n2cc(S(=O)(=O)c3ccc(C(C)(C)C)cc3)nn2)c1,5.85,ChEMBL,train,VWCXVQVIPLQGCY-UHFFFAOYSA-N
COc1cc(-n2nnc(S(=O)(=O)c3ccc(C(C)(C)C)cc3)c2C)c(OC)cc1C(C)=O,6.3,ChEMBL,train,XHLJEMVRHTUUBB-UHFFFAOYSA-N
COc1ccc(C)cc1-n1nnc(S(=O)(=O)c2ccc(C(C)(C)C)cc2)c1C#N,6.8,ChEMBL,train,QVQNTTJRHZUHHX-UHFFFAOYSA-N
O=C(O)C1(C[C@H]2CN(S(=O)(=O)c3cccc(C(F)(F)F)c3)c3cc(-c4cc(F)cc(OC(F)F)c4)ccc3O2)COC1,5.26,ChEMBL,train,CQEKGPURZXNJRM-FQEVSTJZSA-N
COc1cc(-n2nnc(S(=O)(=O)c3ccc(C(C)(C)C)cc3)c2C)c(OC)cc1Br,6.22,ChEMBL,train,ACHYQRJTXWSXNR-UHFFFAOYSA-N
Cc1ccc(-c2nc(CCc3ccccc3)c(-c3cccc(F)c3O)nc2C)s1,5.5,ChEMBL,train,YCTSZTFLLOJXER-UHFFFAOYSA-N
COc1ccc([C@H]2CCC(=O)N[C@@H]2C)cc1-c1ccc(C(F)(F)F)cc1[C@@H]1CC[C@H]2[C@@H](c3cc(C(F)(F)F)cc(C(F)(F)F)c3)OC(=O)N12,6.52,ChEMBL,train,RJAXAOZBMJAVJN-WLCDSKTPSA-N
CCCC[C@H](NC(=O)Cc1c[nH]c2ccc(OC)cc12)c1ncc(-c2cc3ccccc3nc2OC)[nH]1,5.6,ChEMBL,train,VVNODFNJOACYSH-VWLOTQADSA-N
COc1ccc([C@H](C)O)cc1-n1nnc(S(=O)(=O)c2ccc(C(C)(C)C)cc2)c1C,6.19,ChEMBL,train,UNSUWAXGWVJBJU-HNNXBMFYSA-N
COC(=O)c1cc(OC)c(-n2nnc(S(=O)(=O)c3ccc(C(C)(C)C)cc3)c2C)cc1C,5.8,ChEMBL,train,CAAQQLAZKZBPMH-UHFFFAOYSA-N
COc1ccc(OC)c(-n2nnc(S(=O)(=O)c3ccc(O)cc3)c2C)c1,4.66,ChEMBL,train,SERHTPMJGAUCNN-UHFFFAOYSA-N
COc1ccc(C)cc1-n1cc(S(=O)(=O)c2ccc(C(C)(C)C)cc2)nn1,6.22,ChEMBL,train,NOBJPNQIXTZNJE-UHFFFAOYSA-N
COc1ccc(OC)c(-n2nnc(S(=O)(=O)c3ccc(Cl)cc3)c2C)c1,5.64,ChEMBL,train,BQHAWTCAMGGGMD-UHFFFAOYSA-N
Cc1ccc(-c2c(C)nc(-c3cccc(F)c3O)n(CCc3ccccc3)c2=O)s1,5.6,ChEMBL,train,FOSZTBOMAKNEAC-UHFFFAOYSA-N
COc1cc(C(C)=O)c(C)cc1-n1nnc(S(=O)(=O)c2ccc(C(C)(C)C)cc2)c1C,6.4,ChEMBL,train,RTPVFHLNGWTLNH-UHFFFAOYSA-N
CCc1cc(OC)c(-n2nnc(S(=O)(=O)c3ccc(C(C)(C)C)cc3)c2C)cc1C,6.05,ChEMBL,train,NSZYZBKBHITSPM-UHFFFAOYSA-N
Cc1nc(-c2cccc(F)c2O)n(CCc2ccccc2)c(=O)c1-c1ccc(-c2ccccc2)s1,5.1,ChEMBL,train,TUXVJNGWRQKZGH-UHFFFAOYSA-N
COc1ccc(OC)c(-c2nc(C)c(S(=O)(=O)c3ccc(C(C)(C)C)cc3)[nH]2)c1,5.22,ChEMBL,train,OWXOLWIOYFIMBU-UHFFFAOYSA-N
COc1cc(OC)c(-n2nnc(S(=O)(=O)c3ccc(C(C)(C)C)cc3)c2C)cc1Cl,6.6,ChEMBL,train,ASLADTXOLVSOER-UHFFFAOYSA-N
COc1ccc(C(C)(C)C)cc1-n1nnc(S(=O)(=O)c2ccc(C(C)(C)C)cc2)c1C,6.42,ChEMBL,train,ZRUHYAODNUVADW-UHFFFAOYSA-N
CCCC[C@H](NC(=O)[C@H](C)c1c(C)[nH]c2ccc(O)cc12)c1ncc(-c2cc3ccccc3nc2OC)[nH]1,5.72,ChEMBL,train,CZYALTGXIQQGCT-NSYGIPOTSA-N
COc1ccc(OC)c(-n2nnc(S(=O)(=O)c3ccccc3)c2C)c1,5.6,ChEMBL,train,ZWGOBADKIHKJTG-UHFFFAOYSA-N
COc1ccc([C@@H](C)O)cc1-n1nnc(S(=O)(=O)c2ccc(C(C)(C)C)cc2)c1C,6.36,ChEMBL,train,UNSUWAXGWVJBJU-OAHLLOKOSA-N
COc1cc(C(C)C)c(Cl)cc1-n1nnc(S(=O)(=O)c2ccc(C(C)(C)C)cc2)c1C,5.75,ChEMBL,train,XIQSNHAMCMTORV-UHFFFAOYSA-N
COc1ccc(Cl)cc1-c1nc(C)c(S(=O)(=O)c2ccc(C(C)(C)C)cc2)[nH]1,6.3,ChEMBL,train,OJRNEIVXJKJKOX-UHFFFAOYSA-N
COc1cc(C)c(Cl)cc1-n1nnc(S(=O)(=O)c2ccc(C(C)(C)C)cc2)c1C,6.0,ChEMBL,train,CUJAJPVZEWNBML-UHFFFAOYSA-N
Cc1nc(-c2cccc(F)c2O)n(CCc2ccccc2)c(=O)c1Cc1ccccc1,6.0,ChEMBL,train,BFDADFMMNADXMI-UHFFFAOYSA-N
C/C(=C\c1ccc2c(c1)N(S(=O)(=O)c1cccc(C(F)(F)F)c1)C[C@H](CCC(=O)O)O2)c1ccccc1C,5.3,ChEMBL,train,VQGMDZNZLVXCRY-SLTDHEAWSA-N
COc1ccc(C)cc1-c1nc(C)c(S(=O)(=O)c2ccc(C(C)(C)C)cc2)[nH]1,5.75,ChEMBL,train,NLQQVCNZVHZKAD-UHFFFAOYSA-N
COC(=O)c1cc(OC)c(-n2nnc(S(=O)(=O)c3ccc(C(C)(C)C)cc3)c2C)cc1OC,5.47,ChEMBL,train,XCWZEYZBAGSOOH-UHFFFAOYSA-N
COc1ccc([C@H]2OC(=O)N[C@@H]2C)cc1-c1ccc(C(F)(F)F)cc1[C@@H]1CC[C@H]2[C@@H](c3cc(C(F)(F)F)cc(C(F)(F)F)c3)OC(=O)N12,4.89,ChEMBL,train,ZJOAKCGQYZEHJL-AKZCCGJFSA-N
COc1ccc(F)cc1-n1nnc(S(=O)(=O)c2ccc(C(C)(C)C)cc2)c1C,6.62,ChEMBL,train,SCYBRAYPNJDWEW-UHFFFAOYSA-N
COc1cc(-n2nnc(S(=O)(=O)c3ccc(C(C)(C)C)cc3)c2C)c(OC)cc1F,6.0,ChEMBL,train,FADZTFWMZOQMAW-UHFFFAOYSA-N
O=C(O)C1(C[C@H]2CN(S(=O)(=O)c3cccc(C(F)(F)F)c3)c3cc(-c4cc(F)cc(OC(F)F)c4)ccc3O2)CCOCC1,4.89,ChEMBL,train,NGAAUAGLUAYHLE-QFIPXVFZSA-N
COc1cc(Br)c(Cl)cc1-n1nnc(S(=O)(=O)c2ccc(C(C)(C)C)cc2)c1C,6.22,ChEMBL,train,ZUVWYBHOMFFIDT-UHFFFAOYSA-N
COc1cc(-n2nnc(S(=O)(=O)c3ccc(C(C)(C)C)cc3)c2C)c(OC)cc1Cl,6.22,ChEMBL,train,CNFBLHDMTWBWDE-UHFFFAOYSA-N
COc1cc(Cl)c(C)cc1-n1nnc(S(=O)(=O)c2ccc(C(C)(C)C)cc2)c1C,6.1,ChEMBL,train,SYYMUHFQKVKZDV-UHFFFAOYSA-N
COc1ccc(OC)c(-n2nnc(S(=O)(=O)c3ccc(N)cc3)c2C)c1,5.16,ChEMBL,train,BDHJMTYEOPCPKG-UHFFFAOYSA-N
COc1ccc(Cl)cc1-n1nnc(S(=O)(=O)c2ccc(C(C)(C)C)cc2)c1C(C)=O,6.7,ChEMBL,train,LJRDEIDZVNCYAA-UHFFFAOYSA-N
COc1ccc(Cl)cc1-n1nnc(S(=O)(=O)c2ccc(C(C)(C)C)cc2)c1N,6.96,ChEMBL,train,JKDLCYSLZMUDPS-UHFFFAOYSA-N
COc1ccccc1-n1nnc(S(=O)(=O)c2ccc(C(C)(C)C)cc2)c1C,6.1,ChEMBL,train,NMYJDIHSRSZBDZ-UHFFFAOYSA-N
Cc1nc(-c2cccc(F)c2O)n(CCc2ccccc2)c(=O)c1-c1ccc(CO)s1,4.89,ChEMBL,train,IKHPDBNPSSKDDD-UHFFFAOYSA-N
CCCC[C@H](NC(=O)[C@H](C)c1c(C)[nH]c2ccc(OC)cc12)c1ncc(-c2cc3ccccc3nc2OC)[nH]1,5.54,ChEMBL,train,YVQXATPGALYVDI-DWXRJYCRSA-N
COc1ccc(C)cc1-n1nnc(S(=O)(=O)c2ccc(C(C)(C)C)cc2)c1C(C)=O,6.3,ChEMBL,train,CTVXHVUEIOOGDK-UHFFFAOYSA-N
COc1cc(C#N)c(Cl)cc1-n1nnc(S(=O)(=O)c2ccc(C(C)(C)C)cc2)c1C,6.0,ChEMBL,train,SJFBLVUEGQWIIO-UHFFFAOYSA-N
COc1cc(OC)c(-n2nnc(S(=O)(=O)c3ccc(C(C)(C)C)cc3)c2C)cc1OC,5.98,ChEMBL,train,KUWFOILULGFGAF-UHFFFAOYSA-N
C/C(=C\c1ccc2c(c1)N(S(=O)(=O)c1ccc(F)c(C3CC3)c1)C[C@H](CCC(=O)O)O2)c1c(F)cccc1Cl,5.17,ChEMBL,train,GWWYZVGKIYDKCQ-NXNYUAIASA-N
COc1ccc(C)cc1-c1ncc(S(=O)(=O)c2ccc(C(C)(C)C)cc2)[nH]1,6.16,ChEMBL,train,GTMOGLDGMYWKBV-UHFFFAOYSA-N
COc1ccc(C)cc1-n1nnc(S(=O)(=O)c2ccc(C(C)(C)C)cc2)c1N,6.8,ChEMBL,train,PIUANHUFEHCJIG-UHFFFAOYSA-N
Cc1nc(-c2cccc(F)c2O)n(CCc2ccccc2)c(=O)c1-c1ccc(-c2ccccn2)s1,5.3,ChEMBL,train,ZXXPGEIURRRWLM-UHFFFAOYSA-N
CCCC[C@H](NC(=O)Cc1c[nH]c2ccccc12)c1ncc(-c2cc3ccccc3nc2OC)[nH]1,5.36,ChEMBL,train,VNLUEMMOFCPORO-DEOSSOPVSA-N
COc1ccc(C)cc1-c1ncc(S(=O)(=O)c2ccc(C(C)(C)C)cc2)n1C,6.0,ChEMBL,train,VXCKGIIQUBJXHQ-UHFFFAOYSA-N
C/C(=C\c1ccc2c(c1)N(S(=O)(=O)c1ccc(F)c(C(F)(F)F)c1)C[C@H](CCC(=O)O)O2)c1c(F)cccc1Cl,5.22,ChEMBL,train,VIQZVODLWNDRBM-JMPLCFMRSA-N
CCc1cc(OC)c(-n2nnc(S(=O)(=O)c3ccc(C(C)(C)C)cc3)c2C)cc1OC,6.1,ChEMBL,train,ZJKGVLVEIMGMIE-UHFFFAOYSA-N
CC(C)c1cc(-c2ccc(C(F)(F)F)cc2CN2C(=O)O[C@H](c3cc(C(F)(F)F)cc(C(F)(F)F)c3)[C@@H]2C)c(Cl)cc1F,5.12,ChEMBL,train,RIYNILFKRCWZEO-SXBQZSJRSA-N
COc1cc(-n2nnc(S(=O)(=O)c3ccc(C(C)(C)C)cc3)c2C)c(OC)cc1C,6.22,ChEMBL,train,UWVFTNIGIINRMA-UHFFFAOYSA-N
COc1ccc(OC)c(-n2nnc(S(=O)(=O)c3ccc(C(C)(C)C)cc3)c2C(C)=O)c1,5.72,ChEMBL,train,MTYFTMGELMJBAZ-UHFFFAOYSA-N
COc1ccc(Cl)cc1-c1ncc(S(=O)(=O)c2ccc(C(C)(C)C)cc2)n1C,5.92,ChEMBL,train,QFORCMNTWWLBOW-UHFFFAOYSA-N
COc1ccc(S(=O)(=O)c2nnn(-c3cc(OC)ccc3OC)c2C)cc1,5.78,ChEMBL,train,KNSCGQXSALZQIG-UHFFFAOYSA-N
COc1ccc(Cl)cc1-n1nnc(S(=O)(=O)c2ccc(C(C)(C)C)cc2)c1C#N,7.1,ChEMBL,train,HJLVPAJNINYELC-UHFFFAOYSA-N
COc1cc(C)c(C)cc1-n1nnc(S(=O)(=O)c2ccc(C(C)(C)C)cc2)c1C,6.16,ChEMBL,train,MAGWKSLCLGTVDQ-UHFFFAOYSA-N
COc1ccc(OC)c(-c2ncc(S(=O)(=O)c3ccc(C(C)(C)C)cc3)n2C)c1,5.4,ChEMBL,train,YMBFKDRMKPVFMS-UHFFFAOYSA-N
COc1cc(-n2nnc(S(=O)(=O)c3ccc(C(C)(C)C)cc3)c2C)c(OC)cc1C#N,5.96,ChEMBL,train,MZPIGIZRUYSBGI-UHFFFAOYSA-N
CC(C)(C)c1nc(C23CCC(CN(C(=O)C45CC(F)(C4)C5)c4cccc(-c5nc(C6CC6)no5)c4)(CC2)CC3)no1,4.3,ChEMBL,train,KMWDADSUZQXCTH-UHFFFAOYSA-N
CC(C)(C)c1noc(C23CCC(CN(C(=O)C45CC(F)(C4)C5)c4cccc(-c5nc(C6CC6)no5)c4)(CC2)CC3)n1,4.3,ChEMBL,train,OQHUMCVYLJQAPZ-UHFFFAOYSA-N
CCOc1ncc(-c2cccc(N(CC34CCC(c5noc(C(C)(C)C)n5)(CC3)CC4)C(=O)[C@H]3C[C@@](C)(O)C3)c2)cn1,5.82,ChEMBL,train,VCCXEPWMFOKGSQ-BVLBHDCQSA-N
Nc1nccc(-c2sc(C3COCCN3)nc2-c2cc(Cl)cc(NS(=O)(=O)c3cc(F)ccc3F)c2F)n1,5.64,ChEMBL,train,OZNNKHBCZMWGHG-UHFFFAOYSA-N
CCOc1ncc(-c2cccc(N(CC34CCC(c5noc(C(C)(C)C)n5)(CC3)CC4)C(=O)C34CC(F)(C3)C4)c2)cn1,4.3,ChEMBL,train,JAZJGEUAGPSTRV-UHFFFAOYSA-N
CCOc1ncc(-c2cccc(N(CC34CCC(c5noc(C(C)(C)C)n5)(CC3)CC4)C(=O)[C@H]3C[C@](O)(C(F)(F)F)C3)c2)cn1,4.3,ChEMBL,train,YBZCVYGFJKBCMH-WYNLMZEZSA-N
O=C(N(CC12CCC(c3nc(C4CC4)no3)(CC1)CC2)c1cccc(-c2nc(C3CC3)no2)c1)C12CC(F)(C1)C2,6.0,ChEMBL,train,KBCDUZMEWHIYNA-UHFFFAOYSA-N
CCOc1ccc(-c2cccc(N(CC34CCC(c5noc(C(C)(C)C)n5)(CC3)CC4)C(=O)C34CC(F)(C3)C4)c2)cn1,4.3,ChEMBL,train,LZAAIKZDZIQENI-UHFFFAOYSA-N
CC(C)(O)c1ccc(-c2cccc(N(CC34CCC(c5noc(C(C)(C)F)n5)(CC3)CC4)C(=O)[C@H]3C[C@](O)(C(F)(F)F)C3)c2)cc1,4.3,ChEMBL,train,AEMZJBZKICOPPC-RNMMDBENSA-N
Nc1nccc(-c2sc(C3CCN(C4CC4)CC3)nc2-c2cccc(NS(=O)(=O)c3cc(F)ccc3F)c2F)n1,5.21,ChEMBL,train,GQNWRWISEOKRCC-UHFFFAOYSA-N
O=C(C1CCC(F)(F)CC1)N(CC12CCC(c3nc(C4CC4)no3)(CC1)CC2)c1cccc(-c2nc(C3CC3)no2)c1,5.1,ChEMBL,train,SZMLNRVSTUBLHZ-UHFFFAOYSA-N
Nc1nccc(-c2sc(C3COCCN3)nc2-c2cccc(NS(=O)(=O)c3cc(F)ccc3F)c2F)n1,4.94,ChEMBL,train,SQCVSCOLOVRLEJ-UHFFFAOYSA-N
O=C(C1CCCCC1)N(CC12CCC(c3nc(C4CC4)no3)(CC1)CC2)c1cccc(-c2nc(C3CC3)no2)c1,5.22,ChEMBL,train,LCXAXLLXBJPQFP-UHFFFAOYSA-N
Nc1nccc(-c2sc(C3CCCN3)nc2-c2cccc(NS(=O)(=O)c3cc(F)ccc3F)c2F)n1,5.01,ChEMBL,train,YFTCMSQTEOCRBN-UHFFFAOYSA-N
CCOc1ncc(-c2cccc(N(CC34CCC(c5noc(C(F)F)n5)(CC3)CC4)C(=O)C34CC(F)(C3)C4)c2)cn1,5.7,ChEMBL,train,PYINNISTIKTCGH-UHFFFAOYSA-N
CC(C)(C)c1nc(C23CCC(CN(C(=O)C45CC(F)(C4)C5)c4cccc(-c5nnc(C6CC6)o5)c4)(CC2)CC3)no1,5.22,ChEMBL,train,XUWUKXRBHHAXLU-UHFFFAOYSA-N
O=C(C1CC(F)(F)C1)N(CC12CCC(c3nc(C4CC4)no3)(CC1)CC2)c1cccc(-c2nc(C3CC3)no2)c1,6.0,ChEMBL,train,VPTBPTRJTATCBB-UHFFFAOYSA-N
CNC(=O)c1csc(C(=O)c2c[nH]c3ccccc23)n1,4.92,ChEMBL,train,GOVAEEIQDCTMOG-UHFFFAOYSA-N
O=C(C1CCOCC1)N(CC12CCC(c3nc(C4CC4)no3)(CC1)CC2)c1cccc(-c2nc(C3CC3)no2)c1,5.7,ChEMBL,train,VOXSAHXZYHFEFQ-UHFFFAOYSA-N
Nc1nccc(-c2sc(C3CCCCN3)nc2-c2cccc(NS(=O)(=O)c3cc(F)ccc3F)c2F)n1,5.29,ChEMBL,train,WMXXTMFNQQZVTB-UHFFFAOYSA-N
CC(C)(O)c1ccc(-c2cccc(N(CC34CCC(c5noc(C(C)(C)F)n5)(CC3)CC4)C(=O)[C@H]3C[C@@](C)(O)C3)c2)cc1,4.3,ChEMBL,train,MYKBYRIJFGEXHC-BYXIYGGRSA-N
CC(C)(C)c1nc(-c2cc(Cl)cc(NS(=O)(=O)c3cc(F)ccc3F)c2F)c(-c2ccnc(N)n2)s1,7.09,ChEMBL,train,XSCPRDRGAAQQDB-UHFFFAOYSA-N
O=C(C1CCS(=O)(=O)CC1)N(CC12CCC(c3nc(C4CC4)no3)(CC1)CC2)c1cccc(-c2nc(C3CC3)no2)c1,5.4,ChEMBL,train,ARAGAGXUWLVCPT-UHFFFAOYSA-N
CN1CCC(C(=O)N(CC23CCC(c4nc(C5CC5)no4)(CC2)CC3)c2cccc(-c3nc(C4CC4)no3)c2)CC1,4.3,ChEMBL,train,KUTWRPJPBIBXQX-UHFFFAOYSA-N
CC(=O)Nc1nccc(-c2sc(C3CCN(C4CC4)CC3)nc2-c2cccc(NS(=O)(=O)c3cc(F)ccc3F)c2F)n1,4.97,ChEMBL,train,WANXHJHRCVVESE-UHFFFAOYSA-N
Cc1ccc(NC(=O)Nc2cc(-c3ccccc3-c3nn[nH]n3)cc3c2OCCCC3c2ccccc2)cc1,5.05,ChEMBL,train,MIJWCIIAFVQEQD-UHFFFAOYSA-N
CCCC(CCC)Oc1ccc(-c2ccccc2-c2nn[nH]n2)cc1NC(=O)Nc1ccc(C)cc1,6.0,ChEMBL,train,GWYRYMVYQSUKAK-UHFFFAOYSA-N
CCCCOc1ccc(C(C)(C)C)cc1NC(=O)c1nnn(-c2ccccc2)c1C,5.62,ChEMBL,train,GHSZLYYVZBYLMZ-UHFFFAOYSA-N
COc1ccc(OC)c(-n2nnc(C(=O)Nc3cc(C(C)(C)C)ccc3NC(=O)OC(C)(C)C)c2C)c1,6.82,ChEMBL,train,CUNUZLYVMVYOSX-UHFFFAOYSA-N
COc1ccc(OC)c(-n2nnc(C(=O)Nc3cc(C(C)(C)C)ccc3N)c2C)c1,6.05,ChEMBL,train,NWDIEYIGZGXXJY-UHFFFAOYSA-N
CCCCOc1ccc(C(C)(C)C)cc1NC(=O)c1nnn(-c2cc(OC)cc(OC)c2)c1C,5.55,ChEMBL,train,YDTNPHOPUDFLPG-UHFFFAOYSA-N
CCCCOc1ccc(C(C)(C)C)cc1NC(=O)c1nnn(-c2cccnc2)c1C,5.37,ChEMBL,train,SWHPJXQYRIMRHY-UHFFFAOYSA-N
COc1ccc(OC)c(-n2nnc(C(=O)Nc3cccc(C)c3)c2C)c1,5.46,ChEMBL,train,ZWJFGYPFDPOOPW-UHFFFAOYSA-N
O=C1OC[C@@H]2[C@H](CO1)[C@@]1(Cl)C(Cl)=C(Cl)[C@]2(Cl)C1(Cl)Cl,5.15,ChEMBL,train,PCQPCWBRPMEHIT-MYHJAMFRSA-N
Cc1ccc(NC(=O)Nc2cc(-c3ccccc3-c3nn[nH]n3)cc3c2OCC=CC3c2ccccc2)cc1,4.11,ChEMBL,train,ROPDQICAVLKEAY-UHFFFAOYSA-N
CC(C)CN(CC(C)C)c1ccc(-c2ccccc2C(=O)O)cc1NC(=O)Nc1ccccc1F,5.68,ChEMBL,train,IKFPLKUIOWUYKE-UHFFFAOYSA-N
COc1ccc(OC)c(-n2nnc(C(=O)Nc3ccc(N)c(C(C)(C)C)c3)c2C)c1,6.55,ChEMBL,train,YTYIWKKYCBZPPC-UHFFFAOYSA-N
Cc1ccc(NC(=O)Nc2cc(-c3ccccc3-c3nc(=O)[nH]o3)cc3c2OCCCC3c2ccccc2)cc1,5.32,ChEMBL,train,SQJLSONUOZSTDQ-UHFFFAOYSA-N
CCC[C@@H](C)Oc1ccc(C(C)(C)C)cc1NC(=O)c1nnn(-c2cc(C)ccc2OC)c1C,8.09,ChEMBL,train,UOXKTTLWMUQDFC-GOSISDBHSA-N
COc1ccc(OC)c(-n2nnc(C(=O)Nc3ccc(NC(C)=O)c(C(C)(C)C)c3)c2C)c1,5.7,ChEMBL,train,WXTYBYNTGUMSBE-UHFFFAOYSA-N
COc1ccc(OC)c(-n2nnc(C(=O)Nc3nc4ccccc4n3C)c2C)c1,4.99,ChEMBL,train,YLRAUTHJSAWTEM-UHFFFAOYSA-N
CCCCOc1ccc(C(C)(C)C)cc1NC(=O)c1nnn(-c2ccc(OC)cc2OC)c1C,5.39,ChEMBL,train,GPLSAXQRPXHNOC-UHFFFAOYSA-N
COc1ccc(OC)c(-n2nnc(C(=O)Nc3ccc(N(C)C)c(C(C)(C)C)c3)c2C)c1,6.24,ChEMBL,train,AGTWASKRGYRVIJ-UHFFFAOYSA-N
COc1ccc(OC)c(-n2nnc(C(=O)Nc3ccccc3)c2C)c1,4.6,ChEMBL,train,JVVHYNAMDZBBNP-UHFFFAOYSA-N
CCCCOc1ccc(C(C)(C)C)cc1NC(=O)c1nnn(-c2cccc(OC)c2OC)c1C,6.0,ChEMBL,train,JYGKDQDWJBURDR-UHFFFAOYSA-N
CCCCOc1ccc(C(C)(C)C)cc1NC(=O)c1nnn(-c2cc(OC)ccc2F)c1C,5.83,ChEMBL,train,HXCQRBYBMJDEAM-UHFFFAOYSA-N
C=CC1(C=C)Oc2c(NC(=O)Nc3ccc(C)cc3)cc(-c3ccccc3-c3nn[nH]n3)cc2[C@@H]1c1ccccc1,5.15,ChEMBL,train,ZHVHMEOMIDRYBQ-LJAQVGFWSA-N
CNc1ccc(NC(=O)c2nnn(-c3cc(OC)ccc3OC)c2C)cc1C(C)(C)C,6.52,ChEMBL,train,DGNSIKFPHNMBML-UHFFFAOYSA-N
CCCCOc1ccc(C(C)(C)C)cc1NC(=O)c1nnn(-c2ccccc2OC)c1C,6.32,ChEMBL,train,BFEGOGQVNYZSMN-UHFFFAOYSA-N
Cc1ccc(NC(=O)Nc2cc(-c3ccccc3-c3nn[nH]n3)cc3c2O[C@@H](C)C/C=C\[C@H]3c2ccccc2)cc1,4.96,ChEMBL,train,QASNVFRJXGIQNZ-JKZIFQNUSA-N
COc1ccc(OC)c(-n2nnc(C(=O)Nc3ccccc3C(C)(C)C)c2C)c1,6.13,ChEMBL,train,VTTAHBDGCKLNOT-UHFFFAOYSA-N
COc1ccc(-c2ccc(Oc3ccccc3C(C)(C)C)c(NC(=O)Nc3ccccc3F)c2)cc1C(=O)O,5.25,ChEMBL,train,XAJOXNWLUKPUDW-UHFFFAOYSA-N
CC1=CC[C@@]2(C)CC[C@@](O)(C(C)C)[C@@H]2C(OC(=O)c2ccc(O)cc2)C1,4.89,ChEMBL,train,CYSHNJQMYORNJI-LMSKBGPXSA-N
ClC1=C(Cl)[C@]2(Cl)[C@H]3C[C@H](Cl)[C@H](Cl)[C@H]3[C@@]1(Cl)C2(Cl)Cl,4.82,ChEMBL,train,BIWJNBZANLAXMG-IQEDOFJGSA-N
CCCCOc1ccc(C(C)(C)C)cc1NC(=O)c1nnn(-c2ccc(OC)c(OC)c2)c1C,5.36,ChEMBL,train,JLJYZIRBDLYWKO-UHFFFAOYSA-N
COc1ccc(OC)c(-n2nnc(C(=O)Nc3cc(C(C)(C)C)ccc3NC(C)=O)c2C)c1,6.0,ChEMBL,train,XPJKGNXBYQYNHY-UHFFFAOYSA-N
C=C[C@H]1Oc2c(NC(=O)Nc3ccc(C)cc3)cc(-c3ccccc3-c3nn[nH]n3)cc2[C@@H]1c1ccccc1,4.96,ChEMBL,train,APKOMUKVJQRPHO-IZLXSDGUSA-N
CCCCOc1ccc(C(C)(C)C)cc1NC(=O)c1nnn(-c2cc(OC)ccc2C)c1C,5.78,ChEMBL,train,DEIQMHQKNKSDSU-UHFFFAOYSA-N
Cc1ccc(NC(=O)Nc2cc(-c3ccccc3-c3nn[nH]n3)ccc2OC(C(C)C)C(C)C)cc1,5.92,ChEMBL,train,CAKPSXBSEIXTPN-UHFFFAOYSA-N
CCCCOc1ccc(C(C)(C)C)cc1NC(=O)c1nnn(-c2c(OC)cccc2OC)c1C,6.62,ChEMBL,train,NICLOWVEPUBBIS-UHFFFAOYSA-N
Cc1ccc(NC(=O)Nc2cc(-c3ccccc3-c3nn[nH]n3)cc3c2OC(C)(C)[C@H]3c2ccccc2)cc1,4.82,ChEMBL,train,VJVHZGPGBNUIKD-MHZLTWQESA-N
CN1CCC[C@H](N(c2cc(C#CC(C)(C)C)sc2C(=O)O)C(=O)[C@H]2CC[C@H](C)CC2)C1=O,4.76,ChEMBL,train,MGEVBIDQMYTWFL-LNLFQRSKSA-N
CCCCOc1ccc(C(C)(C)C)cc1NC(=O)c1nnn(-c2ccc3c(c2)OCO3)c1C,5.34,ChEMBL,train,MWEQXZQIWDSMRM-UHFFFAOYSA-N
CN1CCC[C@@H](N(c2cc(C#CC(C)(C)C)sc2C(=O)O)C(=O)[C@H]2CC[C@H](C)CC2)C1=O,4.69,ChEMBL,train,MGEVBIDQMYTWFL-ZHALLVOQSA-N
CCCCOc1ccc(C(C)(C)C)cc1NC(=O)c1nnn(-c2cccc(OC)c2)c1C,5.43,ChEMBL,train,HDUVFYFMIQLUOB-UHFFFAOYSA-N
Cc1nnc(-c2ccc(-c3c(F)cc(F)c4c3C(=O)N([C@H](C3CC3)C(C)(C)O)C4)cc2)o1,5.34,ChEMBL,train,CJTHFXREMNVLPK-OAQYLSRUSA-N
NC(=O)c1cc(N2CCOCC2)c2ccc(CN3C(=O)CCC3=O)cc2n1,5.55,ChEMBL,train,QUWBKKVYIMWSRP-UHFFFAOYSA-N
Cc1nnc(-c2ccc(-c3c(F)ccc4c3C(=O)N([C@@H](C(C)(C)O)C(F)(F)F)C4)cc2)o1,4.96,ChEMBL,train,NKIBPHZMQISMHY-FQEVSTJZSA-N
Cc1ccc(C2=C(n3cnnn3)C(=O)N[C@@](c3ccc(OCCCC(F)(F)F)cc3)(C(F)(F)F)C2)cc1,6.22,ChEMBL,train,CNEYUUGREJABII-QFIPXVFZSA-N
CN(C)C(=O)C(C)(C)c1ccc2c(-c3ccc(F)cc3)cc(C(N)=O)nc2c1,5.46,ChEMBL,train,LHDAQCXAFSYLBX-UHFFFAOYSA-N
COCc1cc(Cn2cc(-c3c(-c4ccc(Cl)cc4)nc4ccccn34)nn2)ccc1Cl,5.36,ChEMBL,train,CAPHSHOCGMQMCA-UHFFFAOYSA-N
Clc1ccc(-c2nc3ccccn3c2-c2cccn2Cc2ccc(Cl)c(Cl)c2)cc1,5.05,ChEMBL,train,PTDIKUYYVZZQMP-UHFFFAOYSA-N
Cc1nnc(-c2ccc(-c3cccc4c3C(=O)N([C@H](C3CC3)C(C)(C)O)C4)cc2)o1,4.54,ChEMBL,train,OCGPMALGLNABTO-OAQYLSRUSA-N
Cn1ccc(CCc2ccc3c(-c4ccc(F)cc4)cc(C(N)=O)nc3c2)n1,5.04,ChEMBL,train,YROYKZOEGVJULT-UHFFFAOYSA-N
C[C@H]1CCCN1c1cc(-c2ccccc2O)nnc1N,6.07,ChEMBL,train,CMJYPZQQLQOFCI-JTQLQIEISA-N
Cc1nnc(-c2ccc(-c3ccc(F)c4c3C(=O)N([C@H](C3CC3)C(C)(C)O)C4)cc2)o1,5.05,ChEMBL,train,DKSHULYLMFGNSX-OAQYLSRUSA-N
CC[C@H]1CCCN1c1cc(-c2ccccc2O)nnc1N,6.7,ChEMBL,train,AFMDWCUFHCSFCR-NSHDSACASA-N
Cc1ncc(-c2cc(C(N)=O)nc3cc(CN4C(=O)CCC4=O)ccc23)s1,5.22,ChEMBL,train,LXZQCEALYSFOSC-UHFFFAOYSA-N
Cc1nnc(-c2ccc(-c3cc(F)c(F)c4c3C(=O)N([C@H](C3CC3)C(C)(C)O)C4)cc2)o1,4.96,ChEMBL,train,BCDTWPYNLQYQJL-OAQYLSRUSA-N
CC(C)[C@H]1CCCN1c1cc(-c2ccccc2O)nnc1N,6.85,ChEMBL,train,FQZVWWGALUEODH-CQSZACIVSA-N
CCn1cc(-c2cc(C(N)=O)nc3cc(CN4C(=O)CCC4=O)ccc23)cn1,4.52,ChEMBL,train,NJHKIOFUCCHDCY-UHFFFAOYSA-N
Cc1ccc(C2=C(n3ncnn3)C(=O)N[C@@](c3ccc(OCCCC(F)(F)F)cc3)(C(F)(F)F)C2)cc1,6.07,ChEMBL,train,IERWEYNCQFSZRS-QFIPXVFZSA-N
Cc1nnc(-c2ccc(-c3cc(F)cc4c3C(=O)N([C@H](C3CC3)C(C)(C)O)C4)cc2)o1,4.6,ChEMBL,train,AJMLNNUPHKCZGE-OAQYLSRUSA-N
CC(C)C1CN(Cc2ccc3c(-c4cnn(C)c4)cc(C(N)=O)nc3c2)CCO1,4.54,ChEMBL,train,CEYSPTOVUHBTPP-UHFFFAOYSA-N
Cc1nnc(-c2ccc(-c3c(F)c(F)cc4c3C(=O)N([C@H](C3CC3)C(C)(C)O)C4)cc2)o1,5.21,ChEMBL,train,HLDSVIVRBPWSEZ-OAQYLSRUSA-N
CC(C)[C@H]1CCCN1c1cc(-c2ccco2)nnc1N,5.38,ChEMBL,train,WCYMGNPKOMMLLN-GFCCVEGCSA-N
Cn1cc(-c2cc(C(N)=O)nc3cc(CN4C(=O)CCC4=O)ccc23)cn1,4.7,ChEMBL,train,PRYMIKVZRZRLIV-UHFFFAOYSA-N
NC(=O)c1cc(-c2ccc(F)cc2)c2ccc(C(N3CCOCC3)C(F)(F)F)cc2n1,5.31,ChEMBL,train,CUWWHLOAEJYJHX-UHFFFAOYSA-N
Clc1ccc(-c2nc3ccccn3c2-c2cn(Cc3ccccc3)nn2)cc1,5.69,ChEMBL,train,YBNBIEVJASHXAQ-UHFFFAOYSA-N
CC(C)(C(=O)N1CCOCC1)c1ccc2c(-c3ccc(F)cc3)cc(C(N)=O)nc2c1,6.52,ChEMBL,train,YWXCRRUERVFVAY-UHFFFAOYSA-N
Cc1nnc(-c2ccc(-c3c(F)cc(F)c4c3C(=O)N([C@@H](C(C)(C)O)C(F)(F)F)C4)cc2)o1,4.85,ChEMBL,train,ZKIJYXSTJPLSCY-FQEVSTJZSA-N
Cc1nnc(CNc2cc(OC[C@H]3C[C@@H]3c3ccccn3)nc3cccnc23)s1,4.57,ChEMBL,train,VEIRVHDVALFYDP-CABCVRRESA-N
Cc1ccc(C2=C(n3ccnn3)C(=O)N[C@@](c3ccc(OCCCC(F)(F)F)cc3)(C(F)(F)F)C2)cc1,5.81,ChEMBL,train,PPMZNAUMLDUKGH-QHCPKHFHSA-N
Cn1cc(-c2cc(C(N)=O)nc3cc(CN4CCOC(C5CC5)C4)ccc23)cn1,5.77,ChEMBL,train,VBWOWLBZUMVGMN-UHFFFAOYSA-N
COC(=O)c1cc(Cn2cc(-c3c(-c4ccc(Cl)cc4)nc4ccccn34)nn2)ccc1Cl,5.0,ChEMBL,train,GUQKCGGERCNVIP-UHFFFAOYSA-N
Cc1nnc(-c2ccc(-c3c(F)ccc4c3C(=O)N([C@H](C3CC3)C(C)(C)O)C4)cc2)o1,5.28,ChEMBL,train,FYLTWYACRCCBDC-OAQYLSRUSA-N
C[C@H]1CCCCN1c1cc(-c2ccco2)nnc1N,4.66,ChEMBL,train,MUWVADGBLNVINA-JTQLQIEISA-N
CCOc1ccccc1C(=O)Nc1cccc2c1C(=O)N(CC1CC1)C2,5.37,ChEMBL,train,YEMYWLCJYMQDOO-UHFFFAOYSA-N
C[C@H]1CCCCN1c1cc(-c2ccccc2O)nnc1N,5.32,ChEMBL,train,KXXHZDPNIIOTSH-NSHDSACASA-N
CC(c1ccc2c(-c3cnn(C)c3)cc(C(N)=O)nc2c1)c1cnn(CC(F)(F)F)c1,4.72,ChEMBL,train,MBFYMVPUAOLJNA-UHFFFAOYSA-N
Cc1nnc(-c2ccc(-c3c(F)c(F)cc4c3C(=O)N([C@@H](C(C)(C)O)C(F)(F)F)C4)cc2)o1,4.92,ChEMBL,train,SSKQTFCHZGYFAG-FQEVSTJZSA-N
Cc1cnn(Cc2ccc3c(-c4ccc(F)cc4)cc(C(N)=O)nc3c2)c1,4.78,ChEMBL,train,NCSXOPNBZDQPAC-UHFFFAOYSA-N
CC1CCN(c2cc(C(N)=O)nc3cc(CN4C(=O)CCC4=O)ccc23)CC1,6.0,ChEMBL,train,OXXKQUZSOUKVSV-UHFFFAOYSA-N
Cc1nnc(-c2ccc(-c3cccc4c3C(=O)N([C@@H](C(C)(C)O)C(F)(F)F)C4)cc2)o1,4.62,ChEMBL,train,WVEMQMZNHLSZPR-FQEVSTJZSA-N
Clc1ccc(-c2nc3ccccn3c2-c2csc(Cc3ccc(Cl)c(Cl)c3)n2)cc1,4.66,ChEMBL,train,UDUOPLWXKIPDOP-UHFFFAOYSA-N
CCCC[C@]1(O)[C@@H]2[C@H](C[C@H](O)[C@]3(C)[C@@H]([C@H](C)CCC(=O)O)CC[C@@H]23)[C@@]2(C)CC[C@@H](O)C[C@H]2[C@H]1CC,4.35,ChEMBL,train,UIYFLEDGPYFTAV-SVNHHERDSA-N
CC[C@H]1CCCN1c1cc(-c2ccco2)nnc1N,5.06,ChEMBL,train,YSOVTDFGNDCQKR-JTQLQIEISA-N
