idx,canonical_smiles,chembl_id
0,N[C@@H]1CCN(Cc2cccc(-c3ccc4c(O)nccc4c3)c2)C1,CHEMBL5280643
0,NC1CCN(Cc2cccc(-c3ccc4c(O)nccc4c3)c2)C1,CHEMBL5270570
0,N[C@H]1CCN(Cc2cccc(-c3ccc4c(O)nccc4c3)c2)C1,CHEMBL5271837
0,O=c1[nH]ccc2cc(-c3cccc(Cn4cccn4)c3)ccc12,CHEMBL5280829
0,NC1CCN(Cc2cccc(-c3cccc(-c4nc5ccccc5[nH]4)c3)c2)C1,CHEMBL579696
0,NC1CCN(Cc2cccc(-c3ccc(-c4nc5ccccc5[nH]4)cc3)c2)C1,CHEMBL530185
0,NC1CCN(Cc2cccc(-c3ccc(-c4nc5cc(C(F)(F)F)ccc5[nH]4)cc3)c2)C1,CHEMBL588785
0,Cl.NC1CCN(Cc2cccc(-c3ccc(-c4nc5cc(C(F)(F)F)ccc5[nH]4)cc3)c2)C1,CHEMBL537383
0,NC1CCN(Cc2cccc(-c3ccc(-c4nc5cc(F)ccc5[nH]4)cc3)c2)C1,CHEMBL586993
0,NC1CCN(Cc2cccc(-c3cccc(-c4nc5ccccc5[nH]4)c3)c2)C1.O=C(O)C(F)(F)F,CHEMBL588451
0,NC1CCN(Cc2cccc(-c3ccc(-c4nc5ccccc5[nH]4)cc3)c2)C1.O=C(O)C(F)(F)F,CHEMBL545974
0,CN(C)[C@H]1CN(C(=O)c2cccc(-c3ccc4c(=O)[nH]ccc4c3)c2)C[C@@H]1O,CHEMBL4914302
0,C[C@@H](CNC(=O)c1cccc(-c2ccc3c(=O)[nH]ccc3c2)c1)N1CCCC1,CHEMBL5311010
0,NC1CCN(Cc2cccc(-c3csc(-c4nc5ccccc5[nH]4)c3)c2)C1,CHEMBL529599
0,NC1CCN(Cc2cccc(-c3ccc(-c4nc5cc(F)ccc5[nH]4)cc3)c2)C1.O=C(O)C(F)(F)F,CHEMBL545875
0,O=c1[nH]ccc2cc(-c3cc(O)cc(CCC4CCCCN4)c3)ccc12,CHEMBL3474345
0,CN1CC[C@H](N(C)C(=O)c2ccc(-c3ccc4c(=O)[nH]ccc4c3)cc2)C1,CHEMBL4950324
0,Cc1cccc2nc(-c3ccc(-c4cccc(CN5CCC(N)C5)c4)s3)[nH]c12,CHEMBL525513
0,NC1CCN(Cc2cccc(-c3csc(-c4nc5ccccc5[nH]4)c3)c2)C1.O=C(O)C(F)(F)F,CHEMBL537308
0,CC(=O)N1CCN(Cc2cccc(-c3ccc4[nH]ccc4c3)c2)CC1,CHEMBL5557666
0,C[C@H]1CCCN(CCNC(=O)c2ccc(-c3ccc4c(=O)[nH]ccc4c3)cc2)C1,CHEMBL5310841
0,NC1CCN(Cc2cccc(-c3ccc(-c4nc5ccccc5[nH]4)s3)c2)C1,CHEMBL528598
0,NC1CCCN(Cc2cccc(-c3cccc(-c4nc5ccccc5[nH]4)c3)c2)C1,CHEMBL527748
0,NC1CCCN(Cc2cccc(-c3ccc(-c4nc5ccccc5[nH]4)cc3)c2)C1,CHEMBL533383
0,Cc1cccc2nc(-c3ccc(-c4cccc(CN5CCC(N)C5)c4)s3)[nH]c12.O=C(O)C(F)(F)F,CHEMBL527411
0,COc1cccc(OC)c1-c1ccc2c(=O)[nH]ccc2c1,CHEMBL4905732
0,NC1CCN(Cc2cccc(-c3ccc(-c4nc5ccccc5[nH]4)s3)c2)C1.O=C(O)C(F)(F)F,CHEMBL529485
0,NC1CCCN(Cc2cccc(-c3ccc(-c4nc5cc(C(F)(F)F)ccc5[nH]4)cc3)c2)C1,CHEMBL546987
0,NC1CCCN(Cc2cccc(-c3ccc(-c4nc5cc(F)ccc5[nH]4)cc3)c2)C1,CHEMBL587814
0,NC1CCCN(Cc2cccc(-c3cccc(-c4nc5ccccc5[nH]4)c3)c2)C1.O=C(O)C(F)(F)F,CHEMBL534413
0,NC1CCCN(Cc2cccc(-c3ccc(-c4nc5ccccc5[nH]4)cc3)c2)C1.O=C(O)C(F)(F)F,CHEMBL531917
1,COc1ccc(CN2C[C@H](O)[C@@](CCC(C)C)(c3ccc(S(C)(=O)=O)cc3O[C@@H](C)CO)C2=O)cc1,CHEMBL5208218
1,COc1ccc(CN2C[C@H](O)[C@@](CCC(C)C)(c3ccc(S(C)(=O)=O)cc3OC(C)C)C2=O)cc1,CHEMBL5203913
1,COc1ccc(CN2C[C@H](O)[C@@](CCC(C)C)(c3ccc(S(C)(=O)=O)cc3)C2=O)cc1,CHEMBL5198345
1,COc1ccc(CN2C[C@H](O)[C@@](CC(C)C)(c3ccc(S(C)(=O)=O)cc3)C2=O)cc1,CHEMBL5203598
1,CCC[C@]1(c2ccc(S(C)(=O)=O)cc2)C(=O)N(Cc2ccc(OC)cc2)C[C@@H]1O,CHEMBL5170089
1,COc1ccc(CN2C[C@@H](O)[C@@](Cc3ccc(F)cc3)(c3ccc(S(C)(=O)=O)cc3)C2=O)cc1,CHEMBL5177981
1,COc1ccc(CN2C[C@H](O)[C@@](Cc3ccc(F)cc3)(c3ccc(S(C)(=O)=O)cc3)C2=O)cc1,CHEMBL5202105
2,O=C1NC2(CC(c3ccccc3Cl)C2)C(=O)N1c1cncc2ccccc12,CHEMBL5395482
2,COc1ccccc1C1CC2(C1)NC(=O)N(c1cncc3ccccc13)C2=O,CHEMBL5517908
2,O=C1NC2(CC(c3ccccc3)C2)C(=O)N1c1cncc2ccccc12,CHEMBL5549839
2,O=C1NC2(CC(C3CCC3)C2)C(=O)N1c1cncc2ccccc12,CHEMBL5557373
2,CC(C)(C)C1CC2(C1)NC(=O)N(c1cncc3ccccc13)C2=O,CHEMBL5555663
2,O=C1N(c2cncc3ccccc23)CNC12CC(c1ccccc1Cl)C2,CHEMBL5427950
2,CC1(c2ccccc2)CC2(C1)NC(=O)N(c1cncc3ccccc13)C2=O,CHEMBL5564582
2,O=C1c2ccccc2C(=O)N1c1cncc2ccccc12,CHEMBL1354207
2,O=C1N(c2cncc3ccccc23)C(=O)C2(CC(C3CCC3)C2)N1Cc1ccn[nH]1,CHEMBL5560940
2,O=C1CCCN1CN1C(=O)N(c2cncc3ccccc23)C(=O)C12CC(C1CCC1)C2,CHEMBL5556568
2,O=C1N[C@@H](CC2CCCCC2)C(=O)N1c1cncc2ccccc12,CHEMBL5561138
3,Cc1ccc(-c2cccc(S(N)(=O)=O)c2-c2nnn[nH]2)cc1,CHEMBL5284444
3,Cc1ccc(-c2cccc(S(=O)(=O)O)c2-c2nnn[nH]2)cc1,CHEMBL5291449
3,N#Cc1ccc(-c2cccc(S(N)(=O)=O)c2-c2nnn[nH]2)cc1,CHEMBL5824823
3,CNS(=O)(=O)c1cccc(-c2ccc(C)cc2)c1-c1nnn[nH]1,CHEMBL5285776
3,CNCc1ccc(-c2cccc(S(N)(=O)=O)c2-c2nnn[nH]2)cc1,CHEMBL5956338
3,NC(=O)Cc1ccc(-c2cccc(S(N)(=O)=O)c2-c2nnn[nH]2)cc1,CHEMBL5844997
3,CN(C)Cc1ccc(-c2cccc(S(N)(=O)=O)c2-c2nnn[nH]2)cc1,CHEMBL5866512
3,NCCc1ccc(-c2cccc(S(N)(=O)=O)c2-c2nnn[nH]2)cc1,CHEMBL5918584
3,NCC(CN)c1ccc(-c2cccc(S(N)(=O)=O)c2-c2nnn[nH]2)cc1,CHEMBL5845205
3,Cc1ccc(-c2cccc(S(N)(=O)=O)c2-c2nnn[nH]2)cn1,CHEMBL5775803
3,CCOCc1ccc(-c2cccc(S(N)(=O)=O)c2-c2nnn[nH]2)cc1,CHEMBL6033347
3,NS(=O)(=O)c1cccc(-c2ccc(C(O)C(F)F)cc2)c1-c1nnn[nH]1,CHEMBL5794742
3,NCCCc1ccc(-c2cccc(S(N)(=O)=O)c2-c2nnn[nH]2)cc1,CHEMBL5958295
3,Nc1ccc(-c2cccc(S(N)(=O)=O)c2-c2nnn[nH]2)cn1,CHEMBL5861607
3,NS(=O)(=O)c1cccc(-c2ccc(CO)nc2)c1-c1nnn[nH]1,CHEMBL5971982
3,Nc1ncc(-c2cccc(S(N)(=O)=O)c2-c2nnn[nH]2)cn1,CHEMBL5881150
3,Nc1cc(-c2cccc(S(N)(=O)=O)c2-c2nnn[nH]2)cc(N)n1,CHEMBL5943370
3,NS(=O)(=O)c1cccc(-c2cc(F)cc(F)c2)c1-c1nnn[nH]1,CHEMBL5969936
3,CN(CCO)Cc1ccc(-c2cccc(S(N)(=O)=O)c2-c2nnn[nH]2)cc1,CHEMBL5924568
3,NS(=O)(=O)c1cccc(-c2ccc(CNCCO)cc2)c1-c1nnn[nH]1,CHEMBL6023411
3,C[C@H]1NC(=O)O[C@H]1c1ccc(-c2cccc(S(N)(=O)=O)c2-c2nnn[nH]2)cc1,CHEMBL5969900
3,C[C@@H]1NC(=O)O[C@H]1c1ccc(-c2cccc(S(N)(=O)=O)c2-c2nnn[nH]2)cc1,CHEMBL5820458
3,CN1CCN(Cc2ccc(-c3cccc(S(N)(=O)=O)c3-c3nnn[nH]3)cc2)CC1,CHEMBL5803310
3,NS(=O)(=O)c1cccc(-c2cccc(S(N)(=O)=O)c2-c2nnn[nH]2)c1,CHEMBL5753876
3,NCc1ccc(-c2cccc(S(N)(=O)=O)c2-c2nnn[nH]2)cn1,CHEMBL6045899
3,NS(=O)(=O)c1cccc(-c2ccc(C3CCNC3)cc2)c1-c1nnn[nH]1,CHEMBL5871395
3,NS(=O)(=O)c1cccc(-c2ccc(CNC(CO)CO)cc2)c1-c1nnn[nH]1,CHEMBL6057932
3,COc1cc(-c2cccc(S(N)(=O)=O)c2-c2nnn[nH]2)ccn1,CHEMBL5884753
3,CN(CC(=O)O)Cc1ccc(-c2cccc(S(N)(=O)=O)c2-c2nnn[nH]2)cc1,CHEMBL6004274
3,NS(=O)(=O)c1cccc(-c2cccc(CO)c2)c1-c1nnn[nH]1,CHEMBL5873529
3,NS(=O)(=O)c1cccc(-c2ccc(C3CCNC3=O)cc2)c1-c1nnn[nH]1,CHEMBL6019593
3,NC(=O)CNCc1ccc(-c2cccc(S(N)(=O)=O)c2-c2nnn[nH]2)cc1,CHEMBL5898324
3,CC[C@H](CO)NCc1ccc(-c2cccc(S(N)(=O)=O)c2-c2nnn[nH]2)cc1,CHEMBL6018199
3,CC(NCc1ccc(-c2cccc(S(N)(=O)=O)c2-c2nnn[nH]2)cc1)C(=O)O,CHEMBL5968556
3,Cc1ccc(-c2cccc(S(N)(=O)=O)c2-c2nnn[nH]2)nc1,CHEMBL5911101
3,NS(=O)(=O)c1cccc(-c2ccc(CN3CC(F)(F)C3)cc2)c1-c1nnn[nH]1,CHEMBL5844109
3,CC(C(=O)O)N(C)Cc1ccc(-c2cccc(S(N)(=O)=O)c2-c2nnn[nH]2)cc1,CHEMBL6043618
3,CN(CCC(=O)O)Cc1ccc(-c2cccc(S(N)(=O)=O)c2-c2nnn[nH]2)cc1,CHEMBL5972006
3,CNC(=O)CNCc1ccc(-c2cccc(S(N)(=O)=O)c2-c2nnn[nH]2)cc1,CHEMBL5867490
3,CN(C)CCCN(C)Cc1ccc(-c2cccc(S(N)(=O)=O)c2-c2nnn[nH]2)cc1,CHEMBL5780130
3,CCCc1ccc(-c2cccc(S(N)(=O)=O)c2-c2nnn[nH]2)cn1,CHEMBL5885255
3,Cc1cc(CNCc2ccc(-c3cccc(S(N)(=O)=O)c3-c3nnn[nH]3)cc2)n[nH]1,CHEMBL6001415
3,NS(=O)(=O)c1cccc(-c2ccc(OC3CCNCC3)cc2)c1-c1nnn[nH]1,CHEMBL6024294
3,CN1CC(NCc2ccc(-c3cccc(S(N)(=O)=O)c3-c3nnn[nH]3)cc2)C1,CHEMBL5753813
3,Cc1nnc2ccc(-c3cccc(S(N)(=O)=O)c3-c3nnn[nH]3)cn12,CHEMBL5999327
3,NS(=O)(=O)c1cccc(-c2ccc(CN3CNC(=O)C3)cc2)c1-c1nnn[nH]1,CHEMBL6037080
3,NS(=O)(=O)c1cccc(-c2ccc(CN3CCOCC3)cc2)c1-c1nnn[nH]1,CHEMBL5809072
3,NC1=NCC(c2ccc(-c3cccc(S(N)(=O)=O)c3-c3nnn[nH]3)cc2)CN1,CHEMBL5943994
3,NS(=O)(=O)c1cccc(-c2ccc(CNCC(=O)NO)cc2)c1-c1nnn[nH]1,CHEMBL5886901
3,NS(=O)(=O)c1cccc(-c2ccc3nccnc3c2)c1-c1nnn[nH]1,CHEMBL5961531
3,NCCc1ccc(-c2cccc(S(N)(=O)=O)c2-c2nnn[nH]2)cn1,CHEMBL5881632
3,C[C@@H](O)[C@H](NCc1ccc(-c2cccc(S(N)(=O)=O)c2-c2nnn[nH]2)cc1)C(=O)O,CHEMBL5903306
3,CC(CC(=O)O)NCc1ccc(-c2cccc(S(N)(=O)=O)c2-c2nnn[nH]2)cc1,CHEMBL5769375
3,CC1(C)CCN(Cc2ccc(-c3cccc(S(N)(=O)=O)c3-c3nnn[nH]3)cc2)C1,CHEMBL5994328
3,CC(C)(O)C1CN(Cc2ccc(-c3cccc(S(N)(=O)=O)c3-c3nnn[nH]3)cc2)C1,CHEMBL5926590
3,CN(C)CCCNCc1ccc(-c2cccc(S(N)(=O)=O)c2-c2nnn[nH]2)cc1,CHEMBL5889158
3,Nc1[nH]nc2ccc(-c3cccc(S(N)(=O)=O)c3-c3nnn[nH]3)cc12,CHEMBL5852076
3,NS(=O)(=O)c1cccc(-c2ccc(CNCC3(O)CC3)cc2)c1-c1nnn[nH]1,CHEMBL6042910
3,N#CC1(c2ccc(-c3cccc(S(N)(=O)=O)c3-c3nnn[nH]3)cc2)CCOCC1,CHEMBL6036269
3,NS(=O)(=O)c1cccc(-c2ccc3nonc3c2)c1-c1nnn[nH]1,CHEMBL5831017
3,NS(=O)(=O)c1cccc(-c2ccc3cnccc3c2)c1-c1nnn[nH]1,CHEMBL6039681
3,Cc1nc(CNCc2ccc(-c3cccc(S(N)(=O)=O)c3-c3nnn[nH]3)cc2)no1,CHEMBL5746554
3,NS(=O)(=O)c1cccc(-c2ccc(CNC3CC(F)(F)C3)cc2)c1-c1nnn[nH]1,CHEMBL6035984
3,NS(=O)(=O)c1cccc(-c2ccc(CNCc3nn[nH]n3)cc2)c1-c1nnn[nH]1,CHEMBL6008460
3,NC(=O)C1CN(Cc2ccc(-c3cccc(S(N)(=O)=O)c3-c3nnn[nH]3)cc2)C1,CHEMBL5750844
3,NS(=O)(=O)c1cccc(-c2ccc(CN3CCC(O)CC3)cc2)c1-c1nnn[nH]1,CHEMBL5909209
3,CN(C)CCCCNCc1ccc(-c2cccc(S(N)(=O)=O)c2-c2nnn[nH]2)cc1,CHEMBL6051955
3,Cn1cnc(CNCc2ccc(-c3cccc(S(N)(=O)=O)c3-c3nnn[nH]3)cc2)c1,CHEMBL6037974
3,NS(=O)(=O)c1cccc(-c2ccc(CN3CCC3C(=O)O)cc2)c1-c1nnn[nH]1,CHEMBL5985058
3,NS(=O)(=O)c1cccc(-c2ccc(CNCC3(O)CCC3)cc2)c1-c1nnn[nH]1,CHEMBL5867099
3,NCCN1CCC(c2ccc(-c3cccc(S(N)(=O)=O)c3-c3nnn[nH]3)cc2)CC1,CHEMBL6019678
3,NS(=O)(=O)c1cccc(-c2ccc(CNCCn3nccn3)cc2)c1-c1nnn[nH]1,CHEMBL5856106
3,COC(=O)N1CCC(c2ccc(-c3cccc(S(N)(=O)=O)c3-c3nnn[nH]3)cc2)CC1,CHEMBL5919421
3,CC(NCc1ccc(-c2cccc(S(N)(=O)=O)c2-c2nnn[nH]2)cc1)c1nn[nH]n1,CHEMBL5795130
3,Nc1[nH]nc2cc(-c3cccc(S(N)(=O)=O)c3-c3nnn[nH]3)ccc12,CHEMBL5789252
3,NS(=O)(=O)c1cccc(-c2cnc(NCCO)nc2)c1-c1nnn[nH]1,CHEMBL5919851
3,Cn1cc2cc(-c3cccc(S(N)(=O)=O)c3-c3nnn[nH]3)ccc2n1,CHEMBL6038908
3,NS(=O)(=O)c1cccc(-c2ccc(CN3CCNC(=O)C3)cc2)c1-c1nnn[nH]1,CHEMBL5950365
3,NS(=O)(=O)c1cccc(-c2ccc(CN3CC(O)C(F)C3)cc2)c1-c1nnn[nH]1,CHEMBL5977504
3,CN(C)[C@@H]1CCN(Cc2ccc(-c3cccc(S(N)(=O)=O)c3-c3nnn[nH]3)cc2)C1,CHEMBL5798674
3,CN(C)C1CCC(NCc2ccc(-c3cccc(S(N)(=O)=O)c3-c3nnn[nH]3)cc2)CC1,CHEMBL5934290
3,CN1CCC(NCc2ccc(-c3cccc(S(N)(=O)=O)c3-c3nnn[nH]3)cc2)C1,CHEMBL6003313
3,N#Cc1cncc(-c2cccc(S(N)(=O)=O)c2-c2nnn[nH]2)c1,CHEMBL5993559
3,Cc1nc2ccccc2n1Cc1ccc(-c2cccc(S(N)(=O)=O)c2-c2nnn[nH]2)cc1,CHEMBL6039886
3,Nc1ccc2cc(-c3cccc(S(N)(=O)=O)c3-c3nnn[nH]3)ccc2n1,CHEMBL5892803
3,NCCNc1ccc(-c2cccc(S(N)(=O)=O)c2-c2nnn[nH]2)cn1,CHEMBL6035261
3,CC1(O)CN(c2ccc(-c3cccc(S(N)(=O)=O)c3-c3nnn[nH]3)cn2)C1,CHEMBL5812610
3,NS(=O)(=O)c1cccc(-c2ccc(N3CC[C@@H]3CO)nc2)c1-c1nnn[nH]1,CHEMBL5842987
3,NS(=O)(=O)c1cccc(-c2ccc(CN3CCCC3CO)cc2)c1-c1nnn[nH]1,CHEMBL5911395
3,NS(=O)(=O)c1cccc(-c2ccc(CN[C@@H]3CC[C@H](O)C3)cc2)c1-c1nnn[nH]1,CHEMBL5806220
3,NS(=O)(=O)c1cccc(-c2ccc(CN3CC[C@H](CO)C3)cc2)c1-c1nnn[nH]1,CHEMBL5977577
3,NS(=O)(=O)c1cccc(-c2ccc(CNC3CCNC3=O)cc2)c1-c1nnn[nH]1,CHEMBL5876867
3,NS(=O)(=O)c1cccc(-c2ccc(CN3CC[C@@H](CO)C3)cc2)c1-c1nnn[nH]1,CHEMBL5904306
3,CCN1CCC(NCc2ccc(-c3cccc(S(N)(=O)=O)c3-c3nnn[nH]3)cc2)CC1,CHEMBL5887298
3,CC(C)[C@@H](N)CN1CCC(c2ccc(-c3cccc(S(N)(=O)=O)c3-c3nnn[nH]3)cc2)CC1,CHEMBL5874867
3,CN1CCC(NCc2ccc(-c3cccc(S(N)(=O)=O)c3-c3nnn[nH]3)cc2)C1=O,CHEMBL5949259
3,CC(C)[C@H](N)CN1CCC(c2ccc(-c3cccc(S(N)(=O)=O)c3-c3nnn[nH]3)cc2)CC1,CHEMBL6004426
3,CC(O)C1CCN(Cc2ccc(-c3cccc(S(N)(=O)=O)c3-c3nnn[nH]3)cc2)C1,CHEMBL5780973
3,NS(=O)(=O)c1cccc(-c2cnc(NC3CC3)nc2)c1-c1nnn[nH]1,CHEMBL5772461
3,Nc1ccnc2ccc(-c3cccc(S(N)(=O)=O)c3-c3nnn[nH]3)cc12,CHEMBL5872461
3,Nc1nc2ccc(-c3cccc(S(N)(=O)=O)c3-c3nnn[nH]3)cc2s1,CHEMBL6013958
3,CC(C)(O)C1CN(c2ccc(-c3cccc(S(N)(=O)=O)c3-c3nnn[nH]3)cn2)C1,CHEMBL6052702
3,Cc1ccc(-c2ccnc(S(N)(=O)=O)c2-c2nnn[nH]2)cc1,CHEMBL6045354
3,NS(=O)(=O)c1cccc(-c2ccc(CN[C@H]3COC[C@@H]3O)cc2)c1-c1nnn[nH]1,CHEMBL5838514
3,NS(=O)(=O)c1cccc(-c2ccc(CNCc3ccncn3)cc2)c1-c1nnn[nH]1,CHEMBL6046540
3,NS(=O)(=O)c1cccc(-c2ccc(CNCCc3nc[nH]n3)cc2)c1-c1nnn[nH]1,CHEMBL5748644
3,NCCCN1CCC(c2ccc(-c3cccc(S(N)(=O)=O)c3-c3nnn[nH]3)cc2)CC1,CHEMBL5953153
3,NS(=O)(=O)c1cccc(-c2ccc(CNCCc3cn[nH]c3)cc2)c1-c1nnn[nH]1,CHEMBL5771875
3,CN1C2CCC1CC(NCc1ccc(-c3cccc(S(N)(=O)=O)c3-c3nnn[nH]3)cc1)C2,CHEMBL5758792
3,CN1[C@@H]2CC[C@H]1CC(NCc1ccc(-c3cccc(S(N)(=O)=O)c3-c3nnn[nH]3)cc1)C2,CHEMBL5878255
3,Cc1cccc(S(N)(=O)=O)c1-c1nnn[nH]1,CHEMBL5959571
3,Nc1ccnc2cc(-c3cccc(S(N)(=O)=O)c3-c3nnn[nH]3)ccc12,CHEMBL5763724
3,Nc1nccc2ccc(-c3cccc(S(N)(=O)=O)c3-c3nnn[nH]3)cc12,CHEMBL5832795
3,CN1CCN(c2ncc(-c3cccc(S(N)(=O)=O)c3-c3nnn[nH]3)cn2)CC1,CHEMBL5784888
3,Nc1ncc2ccc(-c3cccc(S(N)(=O)=O)c3-c3nnn[nH]3)cc2n1,CHEMBL5809018
3,NS(=O)(=O)c1cccc(-c2ccc(-n3cccn3)nc2)c1-c1nnn[nH]1,CHEMBL5898783
3,Nc1cnc2cc(-c3cccc(S(N)(=O)=O)c3-c3nnn[nH]3)ccc2c1,CHEMBL5990817
3,CS(=O)(=O)C1CN(c2ccc(-c3cccc(S(N)(=O)=O)c3-c3nnn[nH]3)cn2)C1,CHEMBL5907886
3,Cc1ccc(-c2cccc(C(=O)O)c2-c2nnn[nH]2)cc1,CHEMBL5281100
3,NS(=O)(=O)c1cccc(-c2ccc(C3CCN(CC4CNC4)CC3)cc2)c1-c1nnn[nH]1,CHEMBL6026956
3,NS(=O)(=O)c1cccc(-c2ccc(CNCCc3c[nH]cn3)cc2)c1-c1nnn[nH]1,CHEMBL5807714
3,NS(=O)(=O)c1cccc(-c2ccc(CNCCc3cc[nH]n3)cc2)c1-c1nnn[nH]1,CHEMBL6011040
3,NC(=O)C1CCN(Cc2ccc(-c3cccc(S(N)(=O)=O)c3-c3nnn[nH]3)cc2)C1,CHEMBL6058125
3,NS(=O)(=O)c1cccc(-c2ccc(CN3CCC(C(=O)O)C3)cc2)c1-c1nnn[nH]1,CHEMBL5814248
3,NS(=O)(=O)c1cccc(-c2ccc(CN3C[C@H](O)C[C@H]3CO)cc2)c1-c1nnn[nH]1,CHEMBL5833325
3,NS(=O)(=O)c1cccc(-c2cnc3ccccc3c2)c1-c1nnn[nH]1,CHEMBL5823997
3,NS(=O)(=O)c1cccc(-c2cnc(N3CCCCC3)nc2)c1-c1nnn[nH]1,CHEMBL6017475
3,CNCCN(C)c1ccc(-c2cccc(S(N)(=O)=O)c2-c2nnn[nH]2)cn1,CHEMBL5920505
3,CN(C)C1(C)CN(c2ccc(-c3cccc(S(N)(=O)=O)c3-c3nnn[nH]3)cn2)C1,CHEMBL5991125
3,CN1CCN(c2cc(-c3cccc(S(N)(=O)=O)c3-c3nnn[nH]3)ccn2)CC1,CHEMBL5973746
3,NS(=O)(=O)c1cccc(-c2ccc(CNCCc3ncc[nH]3)cc2)c1-c1nnn[nH]1,CHEMBL6064012
3,NS(=O)(=O)c1cccc(-c2ccc(CNC3CCC(=O)NC3)cc2)c1-c1nnn[nH]1,CHEMBL5762052
3,COc1ccc2cc(-c3cccc(S(N)(=O)=O)c3-c3nnn[nH]3)cnc2n1,CHEMBL5950373
3,NS(=O)(=O)c1cccc(-c2ccc(CNCCn3ccnn3)cc2)c1-c1nnn[nH]1,CHEMBL6036109
3,NS(=O)(=O)c1cccc(-c2ccc(CN3CCC(CCO)C3)cc2)c1-c1nnn[nH]1,CHEMBL5971932
3,Nc1cnc(-c2cccc(S(N)(=O)=O)c2-c2nnn[nH]2)cn1,CHEMBL5914251
3,NS(=O)(=O)c1cccc(-c2cnc(NC3CCCC3)nc2)c1-c1nnn[nH]1,CHEMBL5858235
3,NS(=O)(=O)c1cccc(-c2ccc(N3CCC(O)C3)nc2)c1-c1nnn[nH]1,CHEMBL5860272
3,NS(=O)(=O)c1cccc(-c2ccc(CNC[C@@]3(O)CCOC3)cc2)c1-c1nnn[nH]1,CHEMBL5966970
3,Cc1ccc(Cc2cccc(S(N)(=O)=O)c2-c2nnn[nH]2)cc1,CHEMBL5887192
3,NS(=O)(=O)c1cccc(-c2ccc(-c3nnn[nH]3)cc2)c1-c1nn[nH]n1,CHEMBL5916980
3,NS(=O)(=O)c1cccc(C2=CCS(=O)(=O)CC2)c1-c1nnn[nH]1,CHEMBL5923713
3,NS(=O)(=O)c1cccc(-c2nc(-c3ccncc3)cs2)c1-c1nnn[nH]1,CHEMBL5781909
3,NS(=O)(=O)c1cccc(-c2ccc(N3CCC(CO)C3)nc2)c1-c1nnn[nH]1,CHEMBL5901025
3,CC(C)(O)C1CCC(c2ccc(-c3cccc(S(N)(=O)=O)c3-c3nnn[nH]3)cn2)N1,CHEMBL5949105
3,Cn1cncc1CN1CCC(c2ccc(-c3cccc(S(N)(=O)=O)c3-c3nnn[nH]3)cc2)CC1,CHEMBL5819702
3,Cn1ccnc1CN1CCC(c2ccc(-c3cccc(S(N)(=O)=O)c3-c3nnn[nH]3)cc2)CC1,CHEMBL6027631
3,Nc1cncc(-c2cccc(S(N)(=O)=O)c2-c2nnn[nH]2)n1,CHEMBL5798408
3,NS(=O)(=O)c1cccc(-c2ccc(NCC3CCN3)nc2)c1-c1nnn[nH]1,CHEMBL5785808
3,NS(=O)(=O)c1cccc(-c2ccc(C3CCN(CC4CCNC4)CC3)cc2)c1-c1nnn[nH]1,CHEMBL5876243
3,NS(=O)(=O)c1cccc(-c2ccc(CNC3CCN(C4CCCC4)CC3)cc2)c1-c1nnn[nH]1,CHEMBL6040340
3,NS(=O)(=O)c1cccc(C2=CCOCC2)c1-c1nnn[nH]1,CHEMBL6057546
3,NS(=O)(=O)c1cccc(-c2ccc(NC3CCNC3)nc2)c1-c1nnn[nH]1,CHEMBL6019385
3,CC(C)(C)c1cccc(S(N)(=O)=O)c1-c1nnn[nH]1,CHEMBL5816393
3,CN(C)C1CCN(c2ccc(-c3cccc(S(N)(=O)=O)c3-c3nnn[nH]3)cn2)C1,CHEMBL6027039
3,Cn1cncc1C[C@@H](NCc1ccc(-c2cccc(S(N)(=O)=O)c2-c2nnn[nH]2)cc1)C(=O)O,CHEMBL5923238
3,CN(CCN1CCCC1)c1ccc(-c2cccc(S(N)(=O)=O)c2-c2nnn[nH]2)cn1,CHEMBL6038924
3,NS(=O)(=O)c1cccc(-c2ccnc3ncccc23)c1-c1nnn[nH]1,CHEMBL5882360
3,NS(=O)(=O)c1cccc(-c2cccc3c2CNC3=O)c1-c1nnn[nH]1,CHEMBL5915605
3,CC(C)c1cccc(S(N)(=O)=O)c1-c1nnn[nH]1,CHEMBL5851681
3,COc1cccc(S(N)(=O)=O)c1-c1nnn[nH]1,CHEMBL5764896
3,NS(=O)(=O)c1cccc(-c2ccc(C3CCN(C[C@H]4CNCCO4)CC3)cc2)c1-c1nnn[nH]1,CHEMBL5765017
3,Cc1cc2nccn2cc1-c1cccc(S(N)(=O)=O)c1-c1nnn[nH]1,CHEMBL5994585
3,CC(=O)NC1CCN(c2ccc(-c3cccc(S(N)(=O)=O)c3-c3nnn[nH]3)cn2)C1,CHEMBL5750579
3,CN1CCC2(CCN(c3ccc(-c4cccc(S(N)(=O)=O)c4-c4nnn[nH]4)cn3)C2)C1,CHEMBL5873486
3,NS(=O)(=O)c1cccc(-c2cnn(CCN3CCOCC3)c2)c1-c1nnn[nH]1,CHEMBL5749687
3,Cc1cccn2c(-c3cccc(S(N)(=O)=O)c3-c3nnn[nH]3)cnc12,CHEMBL6008153
3,NS(=O)(=O)c1cccc(-c2cccc3scnc23)c1-c1nnn[nH]1,CHEMBL5770377
3,NS(=O)(=O)c1cccc(C(F)(F)F)c1-c1nnn[nH]1,CHEMBL6056977
3,NS(=O)(=O)c1cccc(-c2snc3ncccc23)c1-c1nnn[nH]1,CHEMBL5923227
3,NS(=O)(=O)c1cccc(-c2csc(-c3ccncc3)n2)c1-c1nnn[nH]1,CHEMBL5853081
3,NS(=O)(=O)c1cccc(-c2cccc3sc(Br)nc23)c1-c1nnn[nH]1,CHEMBL5894821
3,Nc1nc2c(-c3cccc(S(N)(=O)=O)c3-c3nnn[nH]3)cccc2s1,CHEMBL5831205
3,NS(=O)(=O)c1cccc(-c2ccc(N3CC(CN4CCCC4)C3)nc2)c1-c1nnn[nH]1,CHEMBL5927747
3,CC(C)(C)Cc1cccc(S(N)(=O)=O)c1-c1nnn[nH]1,CHEMBL6031281
3,Nc1ccc(-c2cccc(S(N)(=O)=O)c2-c2nnn[nH]2)c2ccncc12,CHEMBL5923590
3,NS(=O)(=O)c1cccc(-c2cnc3ccccn23)c1-c1nnn[nH]1,CHEMBL5911613
3,NS(=O)(=O)c1cccc(-c2cccc3c2NCCC3)c1-c1nnn[nH]1,CHEMBL5864701
3,NS(=O)(=O)c1cccc(-c2cnc3cnccn23)c1-c1nnn[nH]1,CHEMBL6015603
3,NS(=O)(=O)c1cccc(-c2cc3cnccc3s2)c1-c1nnn[nH]1,CHEMBL5760977
3,NS(=O)(=O)c1cccc(-c2snc3cccnc23)c1-c1nnn[nH]1,CHEMBL6004558
3,NS(=O)(=O)c1cccc(-c2cc3ccncc3s2)c1-c1nnn[nH]1,CHEMBL5979581
3,NS(=O)(=O)c1cccc(-c2cnc3ccc(Cl)nn23)c1-c1nnn[nH]1,CHEMBL5875809
3,NS(=O)(=O)c1cccc(-c2cnc3ncccn23)c1-c1nnn[nH]1,CHEMBL5902925
3,NS(=O)(=O)c1cccc(C2CC2)c1-c1nnn[nH]1,CHEMBL5853105
3,Nc1cccn2c(-c3cccc(S(N)(=O)=O)c3-c3nnn[nH]3)cnc12,CHEMBL5910644
3,N#Cc1ccc2ncc(-c3cccc(S(N)(=O)=O)c3-c3nnn[nH]3)n2c1,CHEMBL5833276
3,NS(=O)(=O)c1cccc(-c2cnc3n2CCCC3)c1-c1nnn[nH]1,CHEMBL5999862
3,Cc1ccc(-c2ccccc2-c2nnn[nH]2)cc1,CHEMBL1908064
3,NS(=O)(=O)c1cccc(C2CCC2)c1-c1nnn[nH]1,CHEMBL6031755
3,Cc1cccc(Cc2cccc(S(N)(=O)=O)c2-c2nnn[nH]2)c1,CHEMBL5813528
3,N#Cc1cccc2ncc(-c3cccc(S(N)(=O)=O)c3-c3nnn[nH]3)n12,CHEMBL6023100
3,Cc1ccccc1Cc1cccc(S(N)(=O)=O)c1-c1nnn[nH]1,CHEMBL6025770
3,NS(=O)(=O)c1cccc(C2CCCC2)c1-c1nnn[nH]1,CHEMBL5916722
3,NS(=O)(=O)c1cccc(-c2cnc3nc(C(F)(F)F)ccn23)c1-c1nnn[nH]1,CHEMBL5849055
3,NCCCNc1nc2c(-c3cccc(S(N)(=O)=O)c3-c3nnn[nH]3)cccc2s1,CHEMBL5821800
3,NS(=O)(=O)c1cccc(C2CCCCC2)c1-c1nnn[nH]1,CHEMBL5853946
3,NS(=O)(=O)c1cccc(Cc2ccccc2)c1-c1nnn[nH]1,CHEMBL5792558
3,CS(=O)(=O)c1ccc(-c2cccc(S(N)(=O)=O)c2-c2nn[nH]n2)cc1,CHEMBL6009508
3,NS(=O)(=O)c1ccc(-c2cccc(S(N)(=O)=O)c2-c2nn[nH]n2)cc1,CHEMBL5807662
3,NS(=O)(=O)c1ccc2ccccc2c1-c1nnn[nH]1,CHEMBL5810518
3,OCc1ccc(-c2cccc(O)c2-c2nnn[nH]2)cc1,CHEMBL5285307
3,COc1ccc(-c2cccc(S(N)(=O)=O)c2-c2nn[nH]n2)cc1,CHEMBL5909883
3,NS(=O)(=O)c1cccc(CCc2ccccc2)c1-c1nnn[nH]1,CHEMBL5873043
3,CN(CCCCN)c1nc2c(-c3cccc(S(N)(=O)=O)c3-c3nnn[nH]3)cccc2s1,CHEMBL6023362
3,CN(C)S(=O)(=O)c1ccc(-c2cccc(S(N)(=O)=O)c2-c2nn[nH]n2)cc1,CHEMBL5878044
3,NCCCCNc1nc2c(-c3cccc(S(N)(=O)=O)c3-c3nnn[nH]3)cccc2s1,CHEMBL5985364
3,NS(=O)(=O)c1cccc(COc2ccccc2)c1-c1nnn[nH]1,CHEMBL5938962
3,CNS(=O)(=O)c1ccc(-c2cccc(S(N)(=O)=O)c2-c2nn[nH]n2)cc1,CHEMBL5916539
3,NS(=O)(=O)c1cccc(CC2CCCCC2)c1-c1nnn[nH]1,CHEMBL5745679
3,NC(=O)c1ccc(-c2cccc(S(N)(=O)=O)c2-c2nn[nH]n2)cc1,CHEMBL6018429
3,NS(=O)(=O)c1cccc(-c2ccc(CO)cc2)c1-c1nn[nH]n1,CHEMBL5266666
3,NS(=O)(=O)c1cccc(-c2cccc3sc(N[C@H]4CC[C@H](N)CC4)nc23)c1-c1nnn[nH]1,CHEMBL6012628
3,CS(=O)(=O)Nc1ccc(-c2cccc(S(N)(=O)=O)c2-c2nn[nH]n2)cc1,CHEMBL5838249
3,NCCCCCNc1nc2c(-c3cccc(S(N)(=O)=O)c3-c3nnn[nH]3)cccc2s1,CHEMBL5781010
3,NS(=O)(=O)c1cccc(-c2ccc(-c3ccn[nH]3)cc2)c1-c1nn[nH]n1,CHEMBL5795014
3,CNC(=O)c1ccc(-c2cccc(S(N)(=O)=O)c2-c2nn[nH]n2)cc1,CHEMBL5976562
3,NS(=O)(=O)c1cccc(CCc2ccccn2)c1-c1nnn[nH]1,CHEMBL5983670
3,NC(=O)c1ccc(-c2ccnc(S(N)(=O)=O)c2-c2nnn[nH]2)cc1,CHEMBL5919158
3,NS(=O)(=O)c1nccc(-c2ccc(C(=O)O)cc2)c1-c1nnn[nH]1,CHEMBL6026675
3,NS(=O)(=O)c1cccc(-c2ccccc2)c1-c1nn[nH]n1,CHEMBL5763402
3,N#Cc1ccccc1Cc1cccc(S(N)(=O)=O)c1-c1nnn[nH]1,CHEMBL6029134
3,NS(=O)(=O)c1cccc(CCc2cccnc2)c1-c1nnn[nH]1,CHEMBL5771041
3,NS(=O)(=O)c1cccc(CCC2CCCCC2)c1-c1nnn[nH]1,CHEMBL6020145
3,CC(CO)(CO)c1ccc(-c2ccc(C(F)(F)F)c(S(N)(=O)=O)c2-c2nnn[nH]2)cc1,CHEMBL6020013
3,COC(=O)c1ccc(-c2ccnc(S(N)(=O)=O)c2-c2nnn[nH]2)cc1,CHEMBL5918588
3,CONC(=O)c1ccc(-c2cccc(S(N)(=O)=O)c2-c2nn[nH]n2)cc1,CHEMBL5971305
3,Cc1cc(-c2nnn[nH]2)c(S(N)(=O)=O)cc1C,CHEMBL6000094
3,N#Cc1cccc(Cc2cccc(S(N)(=O)=O)c2-c2nnn[nH]2)c1,CHEMBL5914116
3,NS(=O)(=O)c1nccc(-c2ccncc2)c1-c1nnn[nH]1,CHEMBL5964827
3,NS(=O)(=O)c1cccc(-c2ccncc2)c1-c1nn[nH]n1,CHEMBL5271066
3,NS(=O)(=O)c1cccc(-c2ccc(C(O)CO)cc2)c1-c1nn[nH]n1,CHEMBL5987658
3,CCN(CC)C(=O)c1ccc(-c2cccc(S(N)(=O)=O)c2-c2nn[nH]n2)cc1,CHEMBL5795544
3,CS(=O)(=O)c1ccc(-c2ccc(C3CCNCC3)cc2)c(-c2nnn[nH]2)c1S(N)(=O)=O,CHEMBL5942881
3,NS(=O)(=O)c1cccc(-c2ccc(C3(O)CNC3)cc2)c1-c1nn[nH]n1,CHEMBL5992233
3,NS(=O)(=O)c1cccc(-c2ccc(C(O)C(F)(F)F)cc2)c1-c1nn[nH]n1,CHEMBL5821567
3,CC1(c2ccc(-c3cccc(S(N)(=O)=O)c3-c3nn[nH]n3)cc2)SC(=O)NC1=O,CHEMBL6031821
3,NS(=O)(=O)c1cccc(-c2ccc(C(=O)NC3CC3)cc2)c1-c1nn[nH]n1,CHEMBL5968766
3,Cc1ccc(C(F)(F)F)c(S(N)(=O)=O)c1-c1nnn[nH]1,CHEMBL5777511
3,C[C@H]1NC(=O)OC1c1ccc(-c2ccnc(S(N)(=O)=O)c2-c2nnn[nH]2)cc1,CHEMBL5985439
3,C[C@H](O)c1nc(-c2ccc(-c3cccc(S(N)(=O)=O)c3-c3nn[nH]n3)cc2)no1,CHEMBL5913493
3,Cc1ccc(-c2ccc(Br)c(S(N)(=O)=O)c2-c2nn[nH]n2)cc1,CHEMBL5956633
3,NS(=O)(=O)c1cccc(-c2ccnnc2)c1-c1nn[nH]n1,CHEMBL5817287
3,CS(=O)(=O)c1ccc(-c2cccc(S(N)(=O)=O)c2-c2nn[nH]n2)cn1,CHEMBL6001994
3,NS(=O)(=O)c1nccc(-c2ccc(CO)nc2)c1-c1nnn[nH]1,CHEMBL5941046
3,NS(=O)(=O)c1cccc(-c2ccc(C3=CCNC3)cc2)c1-c1nn[nH]n1,CHEMBL5871800
3,NCCc1ccc(-c2ccc(C(F)(F)F)c(S(N)(=O)=O)c2-c2nnn[nH]2)cc1,CHEMBL5862060
3,NS(=O)(=O)c1cccc(-c2ccc(N3CCCCC3)cc2)c1-c1nn[nH]n1,CHEMBL5950399
3,NS(=O)(=O)c1cccc(-c2cccc3sc(NC4CCN(CCF)CC4)nc23)c1-c1nnn[nH]1,CHEMBL5805074
3,NS(=O)(=O)c1nccc(-c2cccnc2)c1-c1nnn[nH]1,CHEMBL6057398
3,NS(=O)(=O)c1cccc(-c2ccc(O)nc2)c1-c1nn[nH]n1,CHEMBL6031255
4,O=C([C@H]1C[C@@H](c2ccccc2)CN1)N1CCN(c2nccc3ccsc23)CC1,CHEMBL5180151
4,O=C([C@H]1C[C@@H](c2cccc(Cl)c2)CN1)N1CCN(c2nccc3ccsc23)CC1,CHEMBL5199411
4,N#Cc1cccnc1N1CCN(C(=O)[C@H]2C[C@@H](c3ccccc3)CN2)CC1,CHEMBL5208116
4,N#Cc1cccnc1N1CCN(C(=O)[C@H]2C[C@@H](c3cccc(Cl)c3)CN2)CC1,CHEMBL5185636
4,O=C([C@H]1C[C@@H](c2ccc(Cl)cc2)CN1)N1Cc2ccccc2C1,CHEMBL5194442
4,Cc1cc(C)nc(NC(=S)N2CCN(c3nccc4ccsc34)CC2)c1,CHEMBL2144097
4,O=C([C@H]1C[C@@H](c2ccccc2)CN1)N1CCCC1,CHEMBL5196345
4,COc1ccc(NC(=O)C2CCN(c3nccc4ccsc34)CC2)cc1Cl,CHEMBL4530029
5,Cn1ncc(-c2ccc3c(=O)[nH]nc(CN)c3c2)c1-c1c(F)c(Cl)cc(OC2CC2)c1C#N,CHEMBL5075255
5,Cn1ncc(-c2ccc3c(=O)[nH]nc(CN)c3c2)c1-c1c(Cl)ccc(OC2CC2)c1C#N,CHEMBL5083379
5,Cn1ncc(-c2ccc3c(=O)[nH]nc(CN)c3c2)c1-c1c(F)ccc(OC2CC2)c1C#N,CHEMBL5076766
5,Cn1ncc(-c2ccc3c(=O)[nH]nc(CN)c3c2)c1-c1cc(Cl)cc(OC2CC2)c1C#N,CHEMBL5082606
5,Cc1cc(OC2CC2)c(C#N)c(-c2c(-c3ccc4c(=O)[nH]nc(CN)c4c3)cnn2C)c1,CHEMBL5076613
5,Cn1ncc(-c2ccc3c(=O)[nH]nc(CN)c3c2)c1-c1cccc(OC2CC2)c1C#N,CHEMBL5074456
5,Cn1ncc(-c2ccc3c(=O)[nH]nc(CN)c3c2)c1-c1cccc(OC2CCC2)c1C#N,CHEMBL5956724
5,Cn1ncc(-c2ccc3c(=O)[nH]nc(CN)c3c2)c1-c1c(Cl)cccc1Cl,CHEMBL5915225
5,Cn1ncc(-c2ccc3c(=O)[nH]nc(CN)c3c2)c1-c1cc(Cl)cc(Cl)c1C#N,CHEMBL5757108
5,Cn1ncc(-c2ccc3c(=O)[nH]nc(CN)c3c2)c1-c1c(F)cccc1C#N,CHEMBL5084364
5,COc1cc(Cl)cc(-c2c(-c3ccc4c(=O)[nH]nc(CN)c4c3)cnn2C)c1C#N,CHEMBL6004181
5,Cn1ncc(-c2ccc3c(=O)[nH]nc(CN)c3c2)c1-c1cccc(Cl)c1C#N,CHEMBL5088765
5,Cn1ncc(-c2ccc3c(=O)[nH]nc(CN)c3c2)c1-c1c(F)cc2ccccc2c1C#N,CHEMBL5087914
5,Cn1ncc(-c2ccc3c(=O)[nH]nc(CN)c3c2)c1-c1ccc(OC2CC2)cc1,CHEMBL5815044
5,Cc1cc(Cl)c(C#N)c(-c2c(-c3ccc4c(=O)[nH]nc(CN)c4c3)cnn2C)c1,CHEMBL6012930
5,Cn1ncc(-c2ccc3c(=O)[nH]nc(CN)c3c2)c1-c1ccc(Cl)c(Cl)c1C#N,CHEMBL6034134
5,Cc1cc(Cl)cc(-c2c(-c3ccc4c(=O)[nH]nc(CN)c4c3)cnn2C)c1C#N,CHEMBL5969882
5,Cc1ccc(-c2c(-c3ccc4c(=O)[nH]nc(CN)c4c3)cnn2C)c(C#N)c1Cl,CHEMBL5936877
5,COc1cc(Cl)c(C#N)c(-c2c(-c3ccc4c(=O)[nH]nc(CN)c4c3)cnn2C)c1,CHEMBL5790813
5,COc1ccc(-c2c(-c3ccc4c(=O)[nH]nc(CN)c4c3)cnn2C)c(C#N)c1Cl,CHEMBL5944370
5,CCc1cc(Cl)cc(-c2c(-c3ccc4c(=O)[nH]nc(CN)c4c3)cnn2C)c1C#N,CHEMBL5776179
5,Cn1ncc(-c2ccc3c(=O)[nH]nc(CN)c3c2)c1-c1cc(Cl)c2ccccc2c1C#N,CHEMBL5907664
5,Cn1ncc(-c2ccc3c(=O)[nH]nc(CN)c3c2)c1-c1cc(Cl)cc(Cl)c1,CHEMBL6015494
5,Cn1ncc(-c2ccc3c(=O)[nH]nc(CN)c3c2)c1-c1cc(Cl)c(Cl)cc1C#N,CHEMBL5847085
5,COc1cc(C#N)c(-c2c(-c3ccc4c(=O)[nH]nc(CN)c4c3)cnn2C)cc1Cl,CHEMBL5990969
5,CCc1c(Cl)ccc(-c2c(-c3ccc4c(=O)[nH]nc(CN)c4c3)cnn2C)c1C#N,CHEMBL5827593
5,COc1cc(-c2c(-c3ccc4c(=O)[nH]nc(CN)c4c3)cnn2C)c(C#N)cc1Cl,CHEMBL5808007
5,Cn1ncc(-c2ccc3c(=O)[nH]nc(CN)c3c2)c1-c1ccc(OC2CCC2)cc1,CHEMBL5815405
5,COc1cccc(-c2c(-c3ccc4c(=O)[nH]nc(CN)c4c3)cnn2C)c1C#N,CHEMBL5080751
5,COc1ccc(-c2c(-c3ccc4c(=O)[nH]nc(CN)c4c3)cnn2C)c(C#N)c1C,CHEMBL6044937
5,CCOc1cccc(-c2c(-c3ccc4c(=O)[nH]nc(CN)c4c3)cnn2C)c1C#N,CHEMBL6012217
5,Cn1ncc(-c2ccc3c(=O)[nH]nc(CN)c3c2)c1-c1cccc(C2CC2)c1C#N,CHEMBL5921111
5,Cn1ncc(-c2c(-c3ccc4c(=O)[nH]nc(CN)c4c3)cnn2C)c1Cl,CHEMBL5861569
5,Cn1ncc(-c2c(-c3ccc4c(=O)[nH]nc(CN)c4c3)cnn2C)c1C#N,CHEMBL5920026
5,Cc1cc(C#N)c(-c2c(-c3ccc4c(=O)[nH]nc(CN)c4c3)cnn2C)cc1Cl,CHEMBL6005271
5,Cn1ncc(-c2ccc3c(=O)[nH]nc(CN)c3c2)c1-c1ccc2c(Cl)cccc2c1C#N,CHEMBL5916991
5,Cn1ncc(-c2ccc3c(=O)[nH]nc(CN)c3c2)c1-c1c(C#N)cc2ccccc2c1Cl,CHEMBL5801728
5,Cn1ncc(-c2ccc3c(=O)[nH]nc(CN)c3c2)c1-c1cc(Cl)ccc1C#N,CHEMBL5965955
5,Cn1ncc(-c2ccc3c(=O)[nH]nc(CN)c3c2)c1-c1ccc2ccccc2c1C#N,CHEMBL5094637
5,Cc1cc(-c2c(-c3ccc4c(=O)[nH]nc(CN)c4c3)cnn2C)c(C#N)cc1Cl,CHEMBL5860681
5,Cn1ncc(-c2ccc3c(=O)[nH]nc(CN)c3c2)c1-c1ccc(Cl)cc1C#N,CHEMBL5789744
5,Cc1cccc(-c2c(-c3ccc4c(=O)[nH]nc(CN)c4c3)cnn2C)c1C#N,CHEMBL5088987
5,CCc1c(OC)ccc(-c2c(-c3ccc4c(=O)[nH]nc(CN)c4c3)cnn2C)c1C#N,CHEMBL5960217
5,Cn1ncc(-c2ccc3c(=O)[nH]nc(CN)c3c2)c1-c1ccc(OC2CC2)c2cncn12,CHEMBL5933319
5,Cn1ncc(-c2ccc3c(=O)[nH]nc(CN)c3c2)c1-c1ccc(Cl)cc1,CHEMBL5990951
5,Cn1ncc(-c2ccc3c(=O)[nH]nc(CN)c3c2)c1-c1ccc(F)cc1,CHEMBL5976655
5,Cn1ncc(-c2ccc3c(=O)[nH]nc(CN)c3c2)c1-c1ccccc1Cl,CHEMBL5995725
5,Cn1ncc(-c2ccc3c(=O)[nH]nc(CN)c3c2)c1-c1ccc(Cl)c(Cl)c1,CHEMBL5784167
5,COc1cc(C#N)c(-c2c(-c3ccc4c(=O)[nH]nc(CN)c4c3)cnn2C)cc1OC,CHEMBL5805379
5,CCc1cccc(-c2c(-c3ccc4c(=O)[nH]nc(CN)c4c3)cnn2C)c1C#N,CHEMBL5085611
5,Cn1ncc(-c2ccc3c(=O)[nH]nc(CN)c3c2)c1-c1cc(C2CC2)ccc1C#N,CHEMBL5945854
5,CCOc1ccc(-c2c(-c3ccc4c(=O)[nH]nc(CN)c4c3)cnn2C)cc1C#N,CHEMBL5783120
5,Cn1ncc(-c2ccc3c(=O)[nH]nc(CN)c3c2)c1-c1ccc(C2CC2)cc1C#N,CHEMBL6033808
5,CC(C)Oc1cccc(-c2c(-c3ccc4c(=O)[nH]nc(CN)c4c3)cnn2C)c1C#N,CHEMBL5789132
5,Cc1ccc(-c2c(-c3ccc4c(=O)[nH]nc(CN)c4c3)cnn2C)cc1,CHEMBL5844139
5,CCc1cc(OC)cc(-c2c(-c3ccc4c(=O)[nH]nc(CN)c4c3)cnn2C)c1C#N,CHEMBL5755370
5,CCOc1ccc(-c2c(-c3ccc4c(=O)[nH]nc(CN)c4c3)cnn2C)c(C#N)c1,CHEMBL6037694
5,Cn1ncc(-c2ccc3c(=O)[nH]nc(CN)c3c2)c1-c1cccc(OC2CCC2)c1,CHEMBL5868334
5,COc1cc(-c2c(-c3ccc4c(=O)[nH]nc(CN)c4c3)cnn2C)c(C#N)c2ccccc12,CHEMBL6041030
5,Cc1ccc(-c2c(-c3ccc4c(=O)[nH]nc(CN)c4c3)cnn2C)cn1,CHEMBL5769379
5,Cn1ncc(-c2ccc3c(=O)[nH]nc(CN)c3c2)c1-c1ccccc1C#N,CHEMBL5076664
5,CCCOc1cccc(-c2c(-c3ccc4c(=O)[nH]nc(CN)c4c3)cnn2C)c1C#N,CHEMBL5979026
5,COc1ccc(C#N)c(-c2c(-c3ccc4c(=O)[nH]nc(CN)c4c3)cnn2C)c1,CHEMBL5886237
5,Cc1cc(C#N)c(-c2c(-c3ccc4c(=O)[nH]nc(CN)c4c3)cnn2C)cc1C,CHEMBL5792883
5,Cc1ccc(C#N)c(-c2c(-c3ccc4c(=O)[nH]nc(CN)c4c3)cnn2C)c1,CHEMBL6043435
5,Cn1ncc(-c2ccc3c(=O)[nH]nc(CN)c3c2)c1-c1cccc(F)c1,CHEMBL5862396
5,Cn1ncc(-c2ccc3c(=O)[nH]nc(CN)c3c2)c1-c1sc2cnccc2c1C#N,CHEMBL5202651
5,Cn1ncc(-c2ccc3c(=O)[nH]nc(CN)c3c2)c1-c1sc2ccccc2c1C#N,CHEMBL5090360
5,CCCc1cccc(-c2c(-c3ccc4c(=O)[nH]nc(CN)c4c3)cnn2C)c1C#N,CHEMBL6027902
5,COc1ccc(-c2c(-c3ccc4c(=O)[nH]nc(CN)c4c3)cnn2C)c(C#N)c1,CHEMBL5838946
5,CCc1ccc(C#N)c(-c2c(-c3ccc4c(=O)[nH]nc(CN)c4c3)cnn2C)c1,CHEMBL5868770
5,Cc1ccc(-c2c(-c3ccc4c(=O)[nH]nc(CN)c4c3)cnn2C)c(C#N)c1,CHEMBL5800665
5,Cn1ncc(-c2ccc3c(=O)[nH]nc(CN)c3c2)c1-c1ccccc1F,CHEMBL6062000
5,Cn1ncc(-c2ccc3c(=O)[nH]nc(CN)c3c2)c1-c1cccc(Cl)c1,CHEMBL5843835
5,Cn1ncc(-c2ccc3c(=O)[nH]nc(CN)c3c2)c1C#N,CHEMBL5797506
5,CCc1ccc(-c2c(-c3ccc4c(=O)[nH]nc(CN)c4c3)cnn2C)c(C#N)c1,CHEMBL5803755
5,COc1ccc(-c2c(-c3ccc4c(=O)[nH]nc(CN)c4c3)cnn2C)cc1,CHEMBL6033279
5,CC(C)c1ccc(-c2c(-c3ccc4c(=O)[nH]nc(CN)c4c3)cnn2C)cc1,CHEMBL5876635
5,Cn1ncc(-c2ccc3c(=O)[nH]nc(CN)c3c2)c1-c1ccccc1,CHEMBL5071870
5,Cn1ncc(-c2ccc3c(=O)[nH]nc(CN)c3c2)c1Cl,CHEMBL5792898
5,Cn1ncc(-c2ccc3c(=O)[nH]nc(CN)c3c2)c1-c1ccc2cccnc2c1C#N,CHEMBL5754700
5,COc1cnc2ccc(-c3c(-c4ccc5c(=O)[nH]nc(CN)c5c4)cnn3C)c(C#N)c2c1,CHEMBL5905316
5,Cn1ncc(-c2ccc3c(=O)[nH]nc(CN)c3c2)c1-c1sc2ccncc2c1C#N,CHEMBL5201333
5,Cn1ncc(-c2ccc3c(=O)[nH]nc(CN)c3c2)c1-c1ccc2ncccc2c1C#N,CHEMBL5781752
5,Cn1ncc(-c2ccc3c(=O)[nH]nc(CN)c3c2)c1-c1sc2ncccc2c1C#N,CHEMBL5185821
5,Cn1ncc(-c2ccc3c(=O)[nH]nc(CN)c3c2)c1-c1cc2ccccc2cc1C#N,CHEMBL5093314
5,CCc1ccc(-c2c(-c3ccc4c(=O)[nH]nc(CN)c4c3)cnn2C)cc1,CHEMBL5765021
5,Cn1ncc(-c2ccc3c(=O)[nH]nc(CN)c3c2)c1-c1ccccc1C(F)F,CHEMBL5839658
5,Cn1ncc(-c2ccc3c(=O)[nH]nc(CN)c3c2)c1-c1ccc2c(c1C#N)CCCO2,CHEMBL6014371
5,Cn1ncc(-c2ccc3c(=O)[nH]nc(CN)c3c2)c1-c1sc2cccnc2c1C#N,CHEMBL5191471
5,Cn1ncc(-c2ccc3c(=O)[nH]nc(CN)c3c2)c1-c1cnn(Cc2ccccc2)c1C#N,CHEMBL5987760
5,Cc1cccc(-c2c(-c3ccc4c(=O)[nH]nc(CN)c4c3)cnn2C)c1,CHEMBL6032823
5,Cn1ncc(-c2ccc3c(=O)[nH]nc(CN)c3c2)c1-c1ccc2ccccc2c1Cl,CHEMBL5838834
5,Cn1ncc(-c2ccc3c(=O)[nH]nc(CN)c3c2)c1-c1cccc2c1COC2,CHEMBL6008156
5,COc1cccc(-c2c(-c3ccc4c(=O)[nH]nc(CN)c4c3)cnn2C)c1,CHEMBL5872845
5,Cn1ncc(-c2ccc3c(=O)[nH]nc(CN)c3c2)c1OCC1CC1,CHEMBL5901422
5,CN(C)c1c(-c2ccc3c(=O)[nH]nc(CN)c3c2)cnn1C,CHEMBL6000222
5,Cn1ncc(-c2ccc3c(=O)[nH]nc(CN)c3c2)c1-c1cccc[n+]1[O-],CHEMBL5812958
5,Cc1c(-c2ccc3c(=O)[nH]nc(CN)c3c2)cnn1C,CHEMBL5082391
5,Cn1ncc(-c2ccc3c(=O)[nH]nc(CN)c3c2)c1-c1cccc2c1COCC2,CHEMBL5744782
5,COc1c(-c2ccc3c(=O)[nH]nc(CN)c3c2)cnn1C,CHEMBL5980700
5,Cn1ncc(-c2ccc3c(=O)[nH]nc(CN)c3c2)c1-c1ccc2ccccc2c1,CHEMBL5874408
5,Cn1ncc(-c2ccc3c(=O)[nH]nc(CN)c3c2)c1-c1cc2ncccc2cc1C#N,CHEMBL5828947
5,Cn1ncc(-c2ccc3c(=O)[nH]nc(CN)c3c2)c1-c1cc2cccnc2cc1C#N,CHEMBL5965352
5,Cn1ncc(-c2ccc3c(=O)[nH]nc(CN)c3c2)c1OCc1c(Cl)cccc1C#N,CHEMBL5918643
5,Cn1ncc(-c2ccc3c(=O)[nH]nc(CN)c3c2)c1-c1ccc2ccccc2n1,CHEMBL6014667
5,Cc1cc(-c2cnn(C)c2-c2cccc(OC3CC3)c2C#N)cc2c(CN)n[nH]c(=O)c12,CHEMBL6022173
5,N#Cc1cncc(-c2ccc3c(=O)[nH]nc(CN)c3c2)c1F,CHEMBL5982734
5,Cn1ncc(-c2ccc3c(=O)[nH]nc(CN)c3c2)c1-c1cccc2ccncc12,CHEMBL6025568
5,Cn1ncc(-c2ccc3c(=O)[nH]nc(CN4C(=O)c5ccccc5C4=O)c3c2)c1-c1cccc(Cl)c1C#N,CHEMBL6022604
5,Cn1ncc(-c2ccc3c(=O)[nH]nc(CN)c3c2)c1OCc1ccccc1Cl,CHEMBL6040211
5,Cn1ncc(-c2ccc3c(=O)[nH]nc(CN)c3c2)c1OCc1ccc(Cl)cc1,CHEMBL5957091
5,N#Cc1ccccc1-c1c(-c2ccc3c(=O)[nH]nc(CN)c3c2)cnn1CCO,CHEMBL5869819
5,N#Cc1ccccc1-c1c(-c2ccc3c(=O)[nH]nc(CN)c3c2)cnn1CO,CHEMBL5996767
5,Cc1c(Cl)cncc1-c1ccc2c(=O)[nH]nc(CN)c2c1,CHEMBL6059804
5,Cn1ncc(-c2ccc3c(=O)[nH]nc(CN)c3c2)c1CC(C#N)c1ccccc1,CHEMBL5762375
5,Cn1ncc(-c2ccc3c(=O)[nH]nc(CN)c3c2)c1OCc1cccc(Cl)c1,CHEMBL5815587
5,CN1CCn2ncc(-c3ccc4c(=O)[nH]nc(CN)c4c3)c2C1,CHEMBL5868821
5,Cn1ncc(-c2cncc(-c3ccc4c(=O)[nH]nc(CN)c4c3)c2)c1C#N,CHEMBL5963880
5,Cn1cc(-c2ccc3c(=O)[nH]nc(CN)c3c2)cn1,CHEMBL5086396
5,Cn1ncc(-c2ccc3c(=O)[nH]nc(CN)c3c2)c1OCc1ccccc1,CHEMBL5881926
5,Cc1c(Cl)ccc(-c2c(-c3ccc4c(=O)[nH]nc(CNC(=O)OC(C)(C)C)c4c3)cnn2C)c1C#N,CHEMBL5741924
5,CCOc1ccn2ncc(-c3ccc4c(=O)[nH]nc(CN)c4c3)c2c1,CHEMBL5774199
5,NCc1n[nH]c(=O)c2ccc(-c3cnn4ccccc34)cc12,CHEMBL5928170
5,CCc1cc(Cl)cc(-c2c(-c3ccc4c(=O)[nH]nc(CNC(=O)OC(C)(C)C)c4c3)cnn2C)c1C#N,CHEMBL6033404
5,Cn1ncc(-c2cc(F)c3c(=O)[nH]nc(CN)c3c2)c1-c1cccc(Cl)c1C#N,CHEMBL5912214
5,C[C@H](N)c1n[nH]c(=O)c2ccc(-c3cnn(C)c3-c3cccc(Cl)c3C#N)cc12,CHEMBL5846773
5,C[C@@H](N)c1n[nH]c(=O)c2ccc(-c3cnn(C)c3-c3cccc(Cl)c3C#N)cc12,CHEMBL5864073
5,Cn1ncc(-c2ccc3c(=O)[nH]nc(CN)c3c2)c1CCc1ccccc1,CHEMBL6051870
5,Cc1c(-c2ccc3c(=O)[nH]nc(CN)c3c2)cncc1C1CC1,CHEMBL5773100
5,Cn1ncc(-c2cc(Cl)c3c(=O)[nH]nc(CN)c3c2)c1-c1ccc2ccccc2c1C#N,CHEMBL5991183
5,Cc1nn(C)cc1-c1ccc2c(=O)[nH]nc(CN)c2c1,CHEMBL5746151
5,Cn1ncc(-c2cc(Cl)c3c(=O)[nH]nc(CN)c3c2)c1-c1cccc(Cl)c1C#N,CHEMBL5743354
5,Cn1ncc(-c2ccc3c(=O)[nH]nc(CNC(=O)OC(C)(C)C)c3c2)c1-c1ccc2c(Cl)cccc2c1C#N,CHEMBL5928784
5,Cc1cc(C2CC2)cc(-c2c(-c3ccc4c(=O)[nH]nc(CNC(=O)OC(C)(C)C)c4c3)cnn2C)c1C#N,CHEMBL5762611
5,Cc1ccncc1-c1ccc2c(=O)[nH]nc(CN)c2c1,CHEMBL6017330
5,Cn1ncc(-c2ccc3c(=O)[nH]nc(CNC(=O)OC(C)(C)C)c3c2)c1-c1cc(Cl)ccc1C#N,CHEMBL5996668
5,CCOc1cccc(-c2c(-c3cc(Cl)c4c(=O)[nH]nc(CN)c4c3)cnn2C)c1C#N,CHEMBL5841197
5,N#Cc1ncccc1-c1ccc2c(=O)[nH]nc(CN)c2c1,CHEMBL5891648
5,CC(C)Oc1ccn2ncc(-c3ccc4c(=O)[nH]nc(CN)c4c3)c2c1,CHEMBL5994911
5,Cn1ncc(-c2ccc3c(=O)[nH]nc([C@@H](N)C(F)F)c3c2)c1-c1ccc2ccccc2c1C#N,CHEMBL5836928
5,Cn1ncc(-c2ccc3c(=O)[nH]nc([C@H](N)C(F)F)c3c2)c1-c1ccc2ccccc2c1C#N,CHEMBL6002624
5,NCc1n[nH]c(=O)c2ccc(-c3cncc4[nH]ccc34)cc12,CHEMBL5770359
5,Cn1cc(-c2ccc3c(=O)[nH]nc(CN)c3c2)c(C(F)(F)F)n1,CHEMBL5766921
5,NCc1n[nH]c(=O)c2ccc(-c3cnn4c3CN(C3CC3)CC4)cc12,CHEMBL5985445
5,CCN1CCn2ncc(-c3ccc4c(=O)[nH]nc(CN)c4c3)c2C1,CHEMBL5898035
5,Cc1cc(-c2cnn(C)c2-c2ccc3ccccc3c2C#N)cc2c(CN)n[nH]c(=O)c12,CHEMBL5849291
5,NCc1n[nH]c(=O)c2ccc(-c3cnn4c3CN(C(=O)C3CCC3)CC4)cc12,CHEMBL5958153
5,Cn1ncc(-c2ccc3c(=O)[nH]nc(CN4C(=O)c5ccccc5C4=O)c3c2)c1-c1ccc(Cl)cc1C#N,CHEMBL5843925
5,Cn1ncc(-c2cc(F)c3c(=O)[nH]nc(CN)c3c2)c1-c1ccc2ccccc2c1C#N,CHEMBL5924352
5,Cc1ncccc1-c1ccc2c(=O)[nH]nc(CN)c2c1,CHEMBL5950272
5,CC(C)N1CCn2ncc(-c3ccc4c(=O)[nH]nc(CN)c4c3)c2C1,CHEMBL5775696
5,CCOc1cccc(-c2c(-c3cc(C)c4c(=O)[nH]nc(CN)c4c3)cnn2C)c1C#N,CHEMBL5805451
5,NCc1n[nH]c(=O)c2ccc(-c3cnn4c3CN(C(=O)C3CC3)CC4)cc12,CHEMBL5798255
5,Cc1ccccc1-c1ccc2c(=O)[nH]nc(CN)c2c1,CHEMBL5939016
5,NCc1n[nH]c(=O)c2ccc(-c3cnn4c3CN(C(=O)C3CCCC3)CC4)cc12,CHEMBL5813987
5,CC(=O)N1CCn2ncc(-c3ccc4c(=O)[nH]nc(CN)c4c3)c2C1,CHEMBL5739689
5,Cc1c(-c2cnn(C)c2)ccc(-c2c(-c3ccc4c(=O)[nH]nc(CNC(=O)OC(C)(C)C)c4c3)cnn2C)c1C#N,CHEMBL6038675
5,CCOc1cccc(-c2c(-c3cc(F)c4c(=O)[nH]nc(CN)c4c3)cnn2C)c1C#N,CHEMBL5962055
5,CCc1cccc(-c2c(-c3cc(Cl)c4c(=O)[nH]nc(CN)c4c3)cnn2C)c1C#N,CHEMBL5895674
5,N#Cc1cncc(-c2ccc3c(=O)[nH]nc(CN)c3c2)c1,CHEMBL5775565
5,NCc1n[nH]c(=O)c2ccc(-c3cnn4c3CN(C(=O)C3CCCCC3)CC4)cc12,CHEMBL5833397
5,Cn1cc(-c2ccc(C#N)c(-c3c(-c4ccc5c(=O)[nH]nc(CNC(=O)OC(C)(C)C)c5c4)cnn3C)c2)cn1,CHEMBL5910167
5,Cc1nn(C)c(C)c1-c1ccc2c(=O)[nH]nc(CN)c2c1,CHEMBL5742818
5,NCc1n[nH]c(=O)c2ccc(-c3cnn4ccc(Oc5ccccc5)cc34)cc12,CHEMBL5927025
5,Cn1ncc(-c2ccc3c(=O)[nH]nc(CNC(=O)OC(C)(C)C)c3c2)c1-c1cc(C2CCOC2)ccc1C#N,CHEMBL6034583
5,NCc1n[nH]c(=O)c2ccc(-c3cnc4ccc(OC5CC5)cn34)cc12,CHEMBL6063256
5,NCc1n[nH]c(=O)c2ccc(-c3cncc4ccccc34)cc12,CHEMBL5947477
5,Cn1ncc(-c2cc(Cl)c3c(=O)[nH]nc(CN)c3c2)c1-c1sc2ccccc2c1C#N,CHEMBL5200487
5,Cn1cc(-c2ccc3c(=O)[nH]nc(CN)c3c2)c2cccnc21,CHEMBL5888094
5,Cn1cncc1-c1ccc2c(=O)[nH]nc(CN)c2c1,CHEMBL5919711
5,NCc1n[nH]c(=O)c2ccc(-c3cncc(Cl)c3)cc12,CHEMBL6060630
5,CN(C)c1cncc(-c2ccc3c(=O)[nH]nc(CN)c3c2)c1,CHEMBL5857029
5,CCc1cccc(-c2c(-c3cc(C)c4c(=O)[nH]nc(CN)c4c3)cnn2C)c1C#N,CHEMBL6008316
5,NCc1n[nH]c(=O)c2ccc(-c3cnn4c3CN(Cc3ccccc3)CC4)cc12,CHEMBL5827098
5,CCn1cc(-c2ccc3c(=O)[nH]nc(CN)c3c2)cn1,CHEMBL5077369
5,Cc1ncc(-c2ccc3c(=O)[nH]nc(CN)c3c2)n1C,CHEMBL6014570
5,CCc1cccc(-c2c(-c3cc(F)c4c(=O)[nH]nc(CN)c4c3)cnn2C)c1C#N,CHEMBL5847236
5,CCCn1cc(-c2ccc3c(=O)[nH]nc(CN)c3c2)cn1,CHEMBL5093429
5,Cn1nc(C(F)(F)F)cc1-c1ccc2c(=O)[nH]nc(CN)c2c1,CHEMBL5998255
5,N#Cc1cc(Cl)ccc1-c1cncc(-c2ccc3c(=O)[nH]nc(CN)c3c2)c1,CHEMBL6041353
6,Cn1c(N)nc2cc(Cc3ccccc3C#N)cc(C#N)c21,CHEMBL5209040
6,Cn1ccc(Cc2cc(C#N)c3c(c2)nc(N)n3C)n1,CHEMBL5183071
6,Cn1cc(Cc2cc(C#N)c3c(c2)nc(N)n3C)cn1,CHEMBL5173687
6,Cn1c(N)nc2cc(CC(=O)Nc3ccccc3)cc(C#N)c21,CHEMBL5192312
6,Cn1c(N)nc2cccc(C#N)c21,CHEMBL5192233
6,Cn1c(N)nc2cc(Oc3cccnc3)cc(C#N)c21,CHEMBL5185284
6,Cn1c(N)nc2cc(Sc3cccnc3)cc(C#N)c21,CHEMBL5206447
6,N#Cc1ccccc1Cc1cnc(N)s1,CHEMBL4866982
7,Cc1cc(N)nc2cc(CNC(=O)c3ccccc3)cnc12,CHEMBL5172677
7,Cc1cc(N)nc2cc(CNC(=O)c3ccncn3)cnc12,CHEMBL5204024
7,Cc1cc(N)nc2cc(Cc3cccnc3)cnc12,CHEMBL5207747
7,COc1ccc(CNC(=O)c2ccccc2)cn1,CHEMBL5485028
7,O=C(NCc1ccc(CNC(=O)c2ccccc2)cc1)c1ccccc1,CHEMBL4983575
7,Cc1cc(N)nc2cc(Cc3cnn(C)c3)cnc12,CHEMBL5190318
7,O=C(NCc1ccccc1)c1ccccc1,CHEMBL207313
7,O=C(NCc1cccc(CNC(=O)c2ccccc2)c1)c1ccccc1,CHEMBL478535
7,Cc1nc(CNC(=O)c2ccccc2)no1,CHEMBL4567171
7,Nc1nc(CNC(=O)c2ccccc2)n[nH]1,CHEMBL496668
7,NCc1cccc(CNC(=O)c2ccccc2)c1,CHEMBL1185063
7,Cl.NCc1cccc(CNC(=O)c2ccccc2)c1,CHEMBL386592
7,Cn1nccc1-c1cncc(CNC(=O)c2ccccc2)c1,CHEMBL4916540
7,O=C(O)c1ccc(CNC(=O)c2ccccc2)cc1,CHEMBL4096750
7,Cn1cc(-c2cc(CNC(=O)c3ccccc3)ccn2)cn1,CHEMBL4893703
7,O=C(NCc1ccc(O)c(O)c1)c1ccccc1,CHEMBL3616998
7,COc1ccc(CNC(=O)c2ccccc2)cc1,CHEMBL4563785
7,Cn1nccc1-c1ccc(CNC(=O)c2ccccc2)cn1,CHEMBL4891298
7,Cc1ccncc1CNC(=O)c1ccccc1,CHEMBL1891446
7,COc1ccc(CNC(=O)c2ccccc2)cc1OC,CHEMBL2268813
7,Cc1ncn(-c2ccc(CNC(=O)c3ccccc3)cc2)c1C,CHEMBL4894444
7,Cc1nc(-c2ccc(CNC(=O)c3ccccc3)cc2)cs1,CHEMBL5490783
7,NS(=O)(=O)c1ccc(CNC(=O)c2ccccc2)cc1,CHEMBL3403317
7,CNNC(=O)c1ccc(CNC(=O)c2ccccc2)cc1,CHEMBL5172950
7,Cc1ccccc1CNC(=O)c1ccccc1,CHEMBL1360894
7,O=C(NO)c1ccc(CNC(=O)c2ccccc2)cc1,CHEMBL5404317
7,Nc1ccn(Cc2ccc(CNC(=O)c3ccccc3)c3ccccc23)c(=O)n1,CHEMBL3222162
7,Nc1ccc2ccc(C(=O)NCc3ccccc3)cc2n1,CHEMBL549463
7,O=C(NCc1ccc2oc(C(=O)NO)cc2c1)c1ccccc1,CHEMBL3401407
7,O=C(O)CCc1ccc(CNC(=O)c2ccc(CNC(=O)c3ccccc3)cc2)cc1,CHEMBL2403508
7,CCNNC(=O)c1ccc(CNC(=O)c2ccccc2)cc1,CHEMBL4752015
8,COc1cc(Cn2cnc3cc(-c4nnc(N)s4)ccc32)ccc1OCCCN1CCCCC1,CHEMBL5193156
8,COc1cc(Cn2cnc3cc(-c4nnc(N)s4)ccc32)ccc1OCCCN1CCOCC1,CHEMBL5202172
8,COc1ccc(Cn2cnc3cc(-c4nnc(N)s4)ccc32)cc1OC,CHEMBL5190683
8,COc1cc(Cn2cnc3cc(-c4nnc(N)s4)ccc32)ccc1OCCCc1ccccn1,CHEMBL5181839
8,COc1ccc(Cn2cnc3cc(-c4nnc(N)s4)ccc32)cc1,CHEMBL5186970
8,COc1cccc(Cn2cnc3cc(-c4nnc(N)s4)ccc32)c1,CHEMBL5207620
8,Cc1ccc(Cn2cnc3cc(-c4nnc(N)s4)ccc32)cc1C,CHEMBL5197396
8,Nc1nnc(-c2ccc3c(c2)ncn3Cc2ccc(F)cc2)s1,CHEMBL5204178
8,Nc1nnc(-c2ccc3c(c2)ncn3Cc2ccc(C(F)(F)F)cc2)s1,CHEMBL5178150
8,Nc1nnc(-c2ccc3c(c2)ncn3Cc2ccc(F)c(F)c2)s1,CHEMBL5202004
8,COc1ccc(Cn2cnc3ccc(-c4nnc(N)s4)cc32)cc1OC,CHEMBL5198938
8,Nc1nnc(-c2ccc3c(c2)ncn3Cc2ccc3c(c2)OCO3)s1,CHEMBL5174554
8,Nc1nnc(-c2ccc3c(c2)ncn3Cc2ccc(Cl)c(F)c2)s1,CHEMBL5194983
8,N#Cc1cccc(Cn2cnc3cc(-c4nnc(N)s4)ccc32)c1,CHEMBL5195495
8,COc1ccc(COc2ccc(Cn3cnc4cc(C5=CC6(C)CCCN5C6)ccc43)cc2OC)cn1,CHEMBL3673472
8,COc1ccc(COc2ccc(Cn3cnc4cc(-c5ccnnc5)ccc43)cc2OC)cn1,CHEMBL3673441
8,COc1ccc(COc2ccc(Cn3cnc4cc(C5=CC6(O)CCCN5C6)ccc43)cc2OC)cn1,CHEMBL3673474
8,COc1ccc(Cn2cnc3ccc(-c4nnc(N)s4)cc32)cc1,CHEMBL5169588
8,COc1ccc(Cn2ncc3cc(-c4nnc(N)s4)ccc32)cc1OC,CHEMBL5175865
8,COc1ccc(COc2ccc(Cn3cnc4cc(N5CCN(C)CC5)ccc43)cc2OC)cn1,CHEMBL3673450
8,COc1ccc(COc2ccc(Cn3cnc4cc(N5CCC(C(C)(C)N)CC5)ccc43)cc2OC)cn1,CHEMBL3673447
8,COc1ccc(COc2ccc(Cn3cnc4cc(-c5nnc(C6CCCNC6)o5)ccc43)cc2OC)cn1,CHEMBL3673444
8,COc1ccc(COc2ccc(Cn3cnc4cc(C5CCOCC5)ccc43)cc2OC)cn1,CHEMBL3673446
8,COc1ccc(COc2ccc(Cn3cnc4cc(N5CCC(N)CC5)ccc43)cc2OC)cn1,CHEMBL3673449
8,COc1cc(C(C)=O)ccc1OCCCN1CCCCC1,CHEMBL17975
8,COc1ccc(COc2ccc(Cn3cnc4cc(N5CCN(C)CC5=O)ccc43)cc2OC)cn1,CHEMBL3673470
8,COc1cccc(Cn2cnc3ccc(-c4nnc(N)s4)cc32)c1,CHEMBL5196169
8,COc1ccc(COc2ccc(Cn3cnc4cc(-c5cnn(C6CCNCC6)c5)ccc43)cc2OC)cn1,CHEMBL3673442
8,Cc1ccc(Cn2cnc3ccc(-c4nnc(N)s4)cc32)cc1C,CHEMBL5201318
8,COc1cc(CN2CCCCC2)ccc1OCCCN1CCC(c2noc3cc(F)ccc23)CC1,CHEMBL4870307
8,COc1ccc(COc2ccc(Cn3cnc4cc(C5CCNCC5)ccc43)cc2OC)cn1,CHEMBL3673445
8,COc1ccc(COc2ccc(Cn3cnc4cc(-c5noc(C6CCNCC6)n5)ccc43)cc2OC)cn1,CHEMBL3673465
8,COc1cc(/C=C2\CC/C(=C\c3ccc(OCCCN4CCCCC4)c(OC)c3)C2=O)ccc1OCCCN1CCCCC1,CHEMBL3735255
8,Nc1nnc(-c2ccc3ncn(Cc4ccc(F)c(F)c4)c3c2)s1,CHEMBL5194144
8,Nc1nnc(-c2ccc3ncn(Cc4ccc(C(F)(F)F)cc4)c3c2)s1,CHEMBL5172975
8,COc1ccc(C(=O)/C=C/c2ccc(OCCCN3CCCCC3)c(OC)c2)cc1,CHEMBL4085354
8,COc1cc(/C=C/C(=O)c2ccc(Br)cc2)ccc1OCCCN1CCCCC1,CHEMBL4093117
8,Nc1nnc(-c2ccc3ncn(Cc4ccc(F)cc4)c3c2)s1,CHEMBL5196273
8,COc1cc(/C=C2\CCC/C(=C\c3ccc(OCCCN4CCCCC4)c(OC)c3)C2=O)ccc1OCCCN1CCCCC1,CHEMBL2315382
8,COc1ccc(COc2ccc(Cn3cnc4cc(-n5cc(C6CCCNC6)nn5)ccc43)cc2OC)cn1,CHEMBL3673443
8,COc1ccc(Cn2cnc3cc4c(cc32)CCCC4)cc1OC,CHEMBL3398263
8,COc1ccc(COc2ccc(Cn3cnc4ccccc43)cc2OC)cc1,CHEMBL5647626
8,Nc1nnc(-c2ccc3ncn(Cc4ccc5c(c4)OCO5)c3c2)s1,CHEMBL5186424
9,Cc1ccc([C@H]2C[C@@H]2COc2cc(NCc3nnc(C)s3)nc(C)n2)nc1,CHEMBL5314924
9,COc1ccc([C@H]2C[C@@H]2COc2cc(NCc3nnc(C)s3)nc(C)n2)nc1,CHEMBL5415653
9,Cc1nc(NCc2nnc(C)s2)cc(OC[C@H]2C[C@@H]2c2ccc(C3CC3)cn2)n1,CHEMBL3659074
9,Cc1nc(NCc2nnc(C)s2)cc(OC[C@H]2C[C@@H]2c2ccccn2)n1,CHEMBL5414603
9,Cc1nc(NCc2nnc(C)s2)cc(OC[C@H]2C[C@@H]2c2ccc(-c3cccnc3)cn2)n1,CHEMBL3659073
9,Cc1ccc([C@H]2C[C@@H]2COc2cc(NCc3cnn(C)c3)nc(C)n2)nc1,CHEMBL3659078
9,Cc1nc(NCc2nnc(C)s2)cc(OC[C@H]2C[C@@H]2c2ccc3ncccc3n2)n1,CHEMBL3659063
9,COc1ccc([C@H]2C[C@@H]2COc2cc(NCc3nnc(C)s3)nc(N)n2)nc1,CHEMBL3659066
9,Cc1nc(NCc2nnc(C3CC3)s2)cc(OC[C@H]2C[C@@H]2c2ccccn2)n1,CHEMBL3659064
9,Cc1ccc([C@H]2C[C@@H]2COc2nc(C)nc(NCc3nnc(C)s3)c2Cl)nc1,CHEMBL3659067
9,Cc1nnc(CNc2cc(OC[C@H]3C[C@@H]3c3ccccn3)nc(CF)n2)s1,CHEMBL3659068
9,Cc1nc(NCc2cnn(C)c2)cc(OC[C@H]2C[C@@H]2c2ccc(C(F)F)cn2)n1,CHEMBL3659062
9,COc1ccc([C@H]2C[C@@H]2COc2cc(NCc3cnn(C)c3)nc(C)n2)nc1,CHEMBL5421428
9,Cc1ccc([C@H]2C[C@@H]2COc2nc(N)nc(NCc3nnc(C)s3)c2C#N)nc1,CHEMBL3659077
9,Cc1nc(NCc2cnn(C)c2)cc(OC[C@H]2C[C@@H]2c2ccccn2)n1,CHEMBL3659059
9,Cc1nc(NCc2ccncc2C)cc(OC[C@H]2C[C@@H]2c2ccccn2)n1,CHEMBL3659076
9,Cc1nc(NCc2cc(C)on2)cc(OC[C@H]2C[C@@H]2c2ccccn2)n1,CHEMBL3659075
9,COc1ccc([C@H]2C[C@@H]2COc2cc(NCc3nnc(C)s3)n3nccc3n2)nc1,CHEMBL3695715
9,CCn1nc(OC[C@H]2C[C@@H]2c2ccc(OC)cn2)cc(NCc2nnc(C)s2)c1=O,CHEMBL4115264
9,Cc1nnc(CNc2cc(OC[C@H]3C[C@@H]3c3ccc(F)cn3)nn(C)c2=O)s1,CHEMBL4112387
9,Cc1nnc(CNc2cc(OC[C@H]3C[C@@H]3c3ccc(Cl)cn3)nn(C)c2=O)s1,CHEMBL4113054
9,COc1ccc([C@H]2C[C@@H]2COc2cc(NCc3nnc(C)s3)c(=O)n(C)n2)nc1,CHEMBL4110637
9,Cc1ccc([C@H]2C[C@@H]2COc2cc(NCc3nc(C)c(C)s3)c(=O)n(C)n2)nc1,CHEMBL4111447
9,Cc1nnc(CNc2cc(OC[C@H]3C[C@@H]3c3ccccn3)nc3cccnc23)s1,CHEMBL5424297
9,Cc1nnc(CNc2cc(OC[C@H]3C[C@@H]3c3ccc(OC(F)F)cn3)nn(C)c2=O)s1,CHEMBL4106622
9,Cc1cc(CNc2cc(OC[C@H]3C[C@@H]3c3ccc4ccccc4n3)nc(C)n2)n(C)n1,CHEMBL3659060
9,COc1ccc(Cn2nc(OC[C@H]3C[C@@H]3c3ccc(OC)cn3)cc(NCc3nnc(C)s3)c2=O)cc1,CHEMBL4107234
9,Cc1ccc([C@H]2C[C@@H]2COc2cc(NCc3ncc(C)s3)c(=O)n(C)n2)nc1,CHEMBL4114627
9,Cc1ccc([C@H]2C[C@@H]2COc2cc(NCc3nc(C)cs3)c(=O)n(C)n2)nc1,CHEMBL4106974
9,Cc1nnc(CNc2nc(N)nc(OC[C@H]3C[C@@H]3c3ccc(Cl)cn3)c2F)s1,CHEMBL3659071
9,COc1ccc([C@H]2C[C@@H]2COc2nn(C)c(=O)c(NCc3nnc(C)s3)c2Br)nc1,CHEMBL4111542
9,COc1ccc([C@H]2C[C@@H]2COc2nc(N)nc(NCc3nnc(C)s3)c2F)nc1,CHEMBL3659070
9,Cc1ccc([C@H]2C[C@@H]2COc2cc(NCc3cnc(C)s3)c(=O)n(C)n2)nc1,CHEMBL4108340
9,Cc1nnc(CNc2cc(OC[C@H]3C[C@@H]3c3ccn(C)n3)nn(C)c2=O)s1,CHEMBL4110565
9,COc1ccc([C@H]2C[C@@H]2COc2nn(C)c(=O)c(NCc3nnc(C)s3)c2Cl)nc1,CHEMBL4115140
9,Cc1cccc([C@H]2C[C@@H]2COc2cc(NCc3nnc(C)s3)c(=O)n(C)n2)n1,CHEMBL4113390
9,COc1cccnc1[C@H]1C[C@@H]1COc1cc(NCc2cnn(C)c2)nc(C)n1,CHEMBL3659061
9,C=Cc1cnc(C)nc1OC[C@H]1C[C@@H]1c1ccc(C)cn1,CHEMBL5764638
9,Cc1ccc(C2C[C@@H]2COc2nc(C)ncc2-c2ccnc(F)c2)nc1,CHEMBL5867203
9,Cc1ccc(CNc2cc(OC[C@H]3C[C@@H]3c3ccc(C)cn3)nn(C)c2=O)nc1,CHEMBL4106874
9,Cc1ccc([C@H]2C[C@@H]2COc2nc(C)ncc2-c2cnsc2)nc1,CHEMBL5904067
9,Cc1nnc(CNc2cc(OC[C@H]3C[C@@H]3c3ccc4ccccc4n3)nn(C)c2=O)s1,CHEMBL4108029
9,Cc1ccc([C@H]2C[C@@H]2COc2cc(Oc3ccc(C)nc3)n3nccc3n2)nc1,CHEMBL3695724
9,Cc1nc(C)c(CNc2cc(OC[C@H]3C[C@@H]3c3ccccn3)nc(C3CC3)n2)s1,CHEMBL3659069
9,COc1cc(-c2cnc(C)nc2OC[C@H]2C[C@@H]2c2ccc(C)cn2)cnn1,CHEMBL5950827
9,Cc1ccc([C@H]2C[C@@H]2COc2nc(C)ncc2-c2cnnc(Br)c2)nc1,CHEMBL5772654
9,Cc1ccc([C@H]2C[C@@H]2COc2cc(NCc3cc(C)nn3C)c(=O)n(C)n2)nc1,CHEMBL4112063
9,Cc1nnc(CNc2cc(OC[C@H]3C[C@@H]3c3ccc4c(n3)CCC4)nn(C)c2=O)s1,CHEMBL4106557
9,Cc1ccc([C@H]2C[C@@H]2COc2cc(NCc3cnn(C)c3)c(=O)n(C)n2)nc1,CHEMBL4110243
9,Cc1ccc([C@H]2C[C@@H]2COc2cc(NCc3ccnn3C)c(=O)n(C)n2)nc1,CHEMBL4107208
9,Cc1ccc(C2C[C@@H]2COc2nc(C)ncc2-c2ccc3[nH]ccc3c2)nc1,CHEMBL5848254
9,Cc1ccc([C@H]2C[C@@H]2COc2nc(C)ncc2-c2ccc(F)c(C)c2)nc1,CHEMBL5768110
9,Cc1ccc([C@H]2C[C@@H]2COc2nc(C)ncc2-c2cnnc(C)c2)nc1,CHEMBL5909284
9,Cc1ccc(C2C[C@@H]2COc2nc(C)ncc2-c2ccc(F)c(F)c2)nc1,CHEMBL6017159
9,Cc1ccc([C@H]2C[C@@H]2COc2cc(NCc3ccc(C)nc3C)c(=O)n(C)n2)nc1,CHEMBL4106713
9,Cc1ccc([C@H]2C[C@@H]2COc2nc(C)ncc2-c2ccn(C)c(=O)c2)nc1,CHEMBL4109895
9,Cc1ccc([C@H]2C[C@@H]2COc2nc(C)ncc2-c2cc(F)cc(F)c2)nc1,CHEMBL5832805
9,Cc1ccc([C@H]2C[C@@H]2COc2nc(C)ncc2-c2cnc(C)cc2C)nc1,CHEMBL5775395
9,Cc1ccc([C@H]2C[C@@H]2COc2cc(NCc3c(C)nn(C)c3Cl)c(=O)n(C)n2)nc1,CHEMBL4110661
9,COc1ccc(CNc2cc(OC[C@H]3C[C@@H]3c3ccc(C)cn3)nn(C)c2=O)cc1,CHEMBL4108758
9,Cc1ccc([C@H]2C[C@@H]2COc2cc(NCc3ccc(C)nc3)c(=O)n(C)n2)nc1,CHEMBL4107568
9,CCn1ccc(-c2cnc(C)nc2OC[C@H]2C[C@@H]2c2ccc(C)cn2)cc1=O,CHEMBL4113016
9,Cc1ccc([C@H]2C[C@@H]2COc2nc(C)ncc2-c2cncnc2)nc1,CHEMBL6015024
9,Cc1ccc([C@H]2C[C@@H]2COc2nc(C)ncc2C2CCCCC2)nc1,CHEMBL5966379
9,CCc1cc(CNc2cc(OC[C@H]3C[C@@H]3c3ccc(C)cn3)nn(C)c2=O)n(C)n1,CHEMBL4107437
9,Cc1ccc([C@H]2C[C@@H]2COc2cc(NCc3c(Cl)c(C)nn3C)c(=O)n(C)n2)nc1,CHEMBL4107710
9,Cc1ccc(C2C[C@@H]2COc2nc(C)ncc2C2CCC(F)(F)CC2)nc1,CHEMBL5867870
9,Cc1nnc(CNc2c(F)c(OC[C@H]3C[C@@H]3c3ccccn3)nc3ccnn23)s1,CHEMBL3695722
9,Cc1ccc([C@H]2C[C@@H]2COc2nc(C)ncc2-c2cnn(C)c(=O)c2)nc1,CHEMBL4108243
9,Cc1ccc([C@H]2C[C@@H]2COc2nc(C)ncc2-c2ccn(C(C)C)c(=O)c2)nc1,CHEMBL4107683
9,Cc1ccc([C@H]2C[C@@H]2COc2nc(C)ncc2-c2c(F)cccc2F)nc1,CHEMBL5935531
9,Cc1ccc([C@H]2C[C@@H]2COc2nc(C)ncc2-c2ccc(C)cc2C)nc1,CHEMBL5824539
9,Cc1ccc(C2C[C@@H]2COc2nc(C)ncc2-c2cc(C)ccc2C)nc1,CHEMBL5848183
9,Cc1ccc([C@H]2C[C@@H]2COc2nc(C)ncc2-c2ccn(CC#N)c(=O)c2)nc1,CHEMBL4109765
9,Cc1ccc([C@H]2C[C@@H]2COc2nc(C)ncc2[C@H]2CC[C@@](C)(O)CC2)nc1,CHEMBL5800953
9,Cc1ccc([C@H]2C[C@@H]2COc2nc(C)ncc2[C@H]2CC[C@](C)(O)CC2)nc1,CHEMBL5780635
9,Cc1ccc([C@H]2C[C@@H]2COc2nc(C)ncc2-c2cccc(C(C)C)c2)nc1,CHEMBL5926170
9,Cc1ccc([C@H]2C[C@@H]2COc2nc(C)ncc2-c2cc(C)n(C)c(=O)c2)nc1,CHEMBL4113314
9,Cc1ccc([C@H]2C[C@@H]2COc2nc(C)ncc2-c2ccn(C(F)F)c(=O)c2)nc1,CHEMBL4109464
9,Cc1ccc([C@H]2C[C@@H]2COc2nc(C)ncc2-c2ccn(C3CC3)c(=O)c2)nc1,CHEMBL4108133
9,Cc1ccc(C2C[C@@H]2COc2nc(C)ncc2-c2cccc(OC(F)(F)F)c2)nc1,CHEMBL5967335
9,Cc1ccc([C@H]2C[C@@H]2COc2nc(C)ncc2C2CCC(=O)CC2)nc1,CHEMBL5954663
9,Cc1ccc([C@H]2C[C@@H]2COc2nc(C)ncc2-c2ccc(C(C)O)nc2)nc1,CHEMBL6053246
9,Cc1ccc([C@H]2C[C@@H]2COc2nc(C)ncc2-c2cccc(C(F)(F)F)c2)nc1,CHEMBL5936734
9,Cc1ccc([C@H]2C[C@@H]2COc2nc(C)ncc2-c2ccn(CCO)c(=O)c2)nc1,CHEMBL4113813
9,Cc1ccc([C@H]2C[C@@H]2COc2nc(C)ncc2-c2c(C)cccc2C)nc1,CHEMBL6017247
9,CC[C@]1(O)CC[C@H](c2cnc(C)nc2OC[C@H]2C[C@@H]2c2ccc(C)cn2)CC1,CHEMBL5824627
9,CC[C@]1(O)CC[C@@H](c2cnc(C)nc2OC[C@H]2C[C@@H]2c2ccc(C)cn2)CC1,CHEMBL5780279
9,Cc1ccc([C@H]2C[C@@H]2COc2nc(C)ncc2-c2cnc3[nH]ncc3c2)nc1,CHEMBL5910012
9,Cc1ccc([C@H]2C[C@@H]2COc2nc(C)ncc2-c2ccc(C(O)C(F)(F)F)nc2)nc1,CHEMBL6013103
9,COC(=O)Cn1ccc(-c2cnc(C)nc2OC[C@H]2C[C@@H]2c2ccc(C)cn2)cc1=O,CHEMBL4111306
9,Cc1ccc([C@H]2C[C@@H]2COc2nc(C)ncc2-c2ccn(CCC#N)c(=O)c2)nc1,CHEMBL4110688
9,Cc1ccc([C@H]2C[C@@H]2COc2nc(C)ncc2-c2cc(O)ccn2)nc1,CHEMBL6055712
9,Cc1ccc([C@H]2C[C@@H]2COc2nc(C)ncc2-c2ccc(C(F)(F)F)cc2)nc1,CHEMBL5811910
9,Cc1ccc([C@H]2C[C@@H]2COc2nc(C)ncc2C2CCC3(CC2)OCCO3)nc1,CHEMBL5928172
9,CCC(O)c1ccc(-c2cnc(C)nc2OC[C@H]2C[C@@H]2c2ccc(C)cn2)cn1,CHEMBL5921583
9,CCc1cc(-c2cnc(C)nc2OC[C@H]2C[C@@H]2c2ccc(C)cn2)cn(C)c1=O,CHEMBL4112476
9,Cc1ccc([C@H]2C[C@@H]2COc2nc(C)ncc2-c2cccc(OC(C)C)c2)nc1,CHEMBL6002048
9,Cc1ccc([C@H]2C[C@@H]2COc2nc(C)ncc2-c2ccn(CC(F)F)c(=O)c2)nc1,CHEMBL4110713
9,C=CCn1ccc(-c2cnc(C)nc2OC[C@H]2C[C@@H]2c2ccc(C)cn2)cc1=O,CHEMBL4113104
9,Cc1ccc([C@H]2C[C@@H]2COc2nc(C)ncc2-c2ccn(CC(F)(F)F)c(=O)c2)nc1,CHEMBL4111754
9,Cc1ccc([C@H]2C[C@@H]2COc2cc(NCc3cn(C)nc3C(F)(F)F)c(=O)n(C)n2)nc1,CHEMBL4110881
9,Cc1ccc([C@H]2C[C@@H]2COc2nc(C)ncc2C2=CC(=O)OC2)nc1,CHEMBL6030261
9,Cc1ccc([C@H]2C[C@@H]2COc2nc(C)ncc2-c2cc(C)c(=O)n(C)n2)nc1,CHEMBL4110795
9,Cc1ccc([C@H]2C[C@@H]2COc2nc(C)ncc2-c2ccc(C(O)C(C)C)nc2)nc1,CHEMBL5979207
9,COC(=O)c1ccc(-c2cnc(C)nc2OC[C@H]2CC2c2ccc(C)cn2)cn1,CHEMBL5943262
9,Cc1ccc([C@H]2C[C@@H]2COc2nc(C)ncc2-c2cc(C)c(=O)n(C)c2)nc1,CHEMBL4111066
9,COc1cc(-c2cnc(C)nc2OC[C@H]2C[C@@H]2c2ccc(C)cn2)cn(C)c1=O,CHEMBL4115653
9,COCCn1ccc(-c2cnc(C)nc2OC[C@H]2C[C@@H]2c2ccc(C)cn2)cc1=O,CHEMBL4115495
9,Cc1ccc(CNc2cc(OC[C@H]3C[C@@H]3c3ccc(F)cn3)nn(C)c2=O)nc1,CHEMBL4111621
