SMILES,NLL
O=C(c1cccc2ccccc12)N1CCC(N2CCCC2)CC1,21.627243041992188
O=C(N=c1[nH]c2ccc(C(=O)NCCCCCNC(=O)c3ccc4c(c3)OCO4)cc2s1)c1ccc(C(F)(F)F)cc1,36.92708969116211
O=C(CCC#Cc1ccc2c(c1)N(Cc1cc(=O)c(O)cn1O)c1ccc(Cl)cc1C2)OC1OC(C(=O)O)C(O)C(O)C1O,52.57575225830078
COc1cc(C(=O)c2cc3ccc(OCc4cccc(F)c4)cc3oc2=O)cc(OC)c1OC,23.845703125
CCOC(=O)C(CSCCC(=O)NCCCOc1no[n+]([O-])c1S(=O)(=O)c1ccccc1)NC(=O)c1c(N)[nH]c(=N)[nH]c1=N,42.05615234375
Cc1ccc(S(=O)(=O)N2Cc3c(-c4ccccc4F)c4cc([N+](=O)[O-])ccc4n3CC2C)cc1,41.36482620239258
Cc1cc(C)cc(NCc2ccc(C(=O)NC3CC3)nc2)c1,30.475515365600586
COc1ccc(C(=O)NCc2c[nH]c(-c3cnccn3)n2)cc1,27.5108699798584
COc1ccc(S(=O)(=O)N(C)CC(=O)Nc2ccc(C)c(C)c2)cc1OC,25.716598510742188
COc1c(N2CC(N)C2)c(F)cc2[nH]c3cc(-c4ccc(C)c(F)c4)c(F)cc3c(=O)c12,39.27546691894531
NCCc1cc(Cl)c(-c2ccccc2)[nH]c1=O,27.177793502807617
NS(=O)(=O)c1cccc(NC(=O)CN2CCN(c3nc(-c4cccc(C(F)(F)F)c4)cs3)CC2)c1,30.199277877807617
CCCN(CCC)C1=C(Cl)c2ccc(Cl)c3cccc(c23)C1,34.576595306396484
CCSc1nnc(N2CCN(c3cc(C)ccc3C)CC2)s1,24.843116760253906
Cc1ccc2ccccc2c1NC(=O)C1CN2CCCCC2S1(=O)=O,36.45219039916992
CSc1ccc(NC(=O)N(Cc2ccc(C(=O)O)cc2)C2CC[N+](C)(Cc3ccc(Cl)cc3)C2)cc1,35.71619415283203
Cc1n[nH]c2c1C1(C(=O)Nc3ccc(F)cc31)C(C#N)C(=N)O2,21.59941864013672
COC(=O)C(Cc1ccc(Cl)cc1)NC(=O)C(C)Oc1ccc(Cl)cc1,31.234975814819336
COc1ccc(OCC(O)CN2CCN(C(c3ccccc3)c3cccc(Cl)c3)CC2)cc1,23.404394149780273
C=CC=CC(=O)c1ccc(O)c(O)c1O,25.325834274291992
O=C(O)C(Cc1cc[nH]c1)NC(=O)C1CCCN1S(=O)(=O)c1cc(Cl)cc(Cl)c1,23.755903244018555
COc1cc2c(C)[nH]c(=O)c(NC(=O)Nc3c(C)cc(C)cc3Cl)c2cc1OC,24.469478607177734
Oc1cc2c3c(c1)C(C2)N(CCc1ccccc1)CC3,24.642398834228516
CC(NC(=O)c1cc2cc(C#N)ccc2n1-c1ccc(F)cc1)C(N)=O,33.914894104003906
OCC(Cc1ccc(-c2ccccc2)cc1)=C(c1ccccc1)c1cccs1,29.397838592529297
CSc1ncc(-c2nn(-c3ccc(C)cc3)ccc2=O)n1C,29.366426467895508
COC(=O)NNc1cc(Cl)cc(Cl)c1,21.959959030151367
CCN1c2ccc(Br)cc2CC2C1c1cncc(C(N)=O)c1OC2(C)C,43.31576919555664
Cc1nc2ccc(NC(=O)c3c(Cl)cccc3Cl)cc2c(=O)n1CC(=O)O,29.077390670776367
C=CCN1C(=O)C(=Cc2ccc(F)cc2)SC1=S,18.272125244140625
CCC(C)n1c(=O)c(=O)n(C)c2cc(N3CCOCC3)ccc21,29.169822692871094
CCn1cccn1,15.679014205932617
CN(C)CCCOc1ccc(-c2csc3ncn(Cc4ccc(F)c(Cl)c4)c(=O)c23)cc1,30.3259334564209
O=C(c1ccco1)N1CCN(c2nc(-c3cccs3)nc3ccccc23)CC1,22.27648162841797
C=C1CC2C(=O)c3ccccc3C1c1ccccc12,32.131107330322266
Cc1[nH]c(=O)c(N=C(N)Nc2ccc(F)cc2)cc1C(C)C,31.019506454467773
CCc1cc2c(=O)cc(-c3ccccc3)oc2c2c1OCN(Cc1cccc(OCc3ccccc3)c1)C2,38.40867614746094
O=c1cc2n(c(=S)n1-c1ccccc1)CCC2,21.438709259033203
COCC1COc2ccc(C=CC(=O)N3CCc4cc(OC)ccc4C3CNC(C)=O)cc2O1,39.33526611328125
CCCCOC(=O)C=Cc1c(O)c(O)c(O)c2c(=O)cc(-c3ccccc3)oc12,26.300479888916016
CNC(=O)c1ncccc1Nc1ccc(Cc2sc(=N)[nH]c2C)cc1,37.82699203491211
CS(=O)(=O)N1N=CCC1c1ccccc1,21.901241302490234
O=C1NC(=O)N(c2ccc(S(=O)(=O)Nc3ccccc3)cc2)C1=O,21.968311309814453
COC(=O)C1=c2c(O)c(C)c(C)c(O)c2=NC2C1C(=O)C(C(C)=O)C(=O)C2N1CC1,36.61035919189453
CCCC1Oc2ccccc2N(C(=O)OCC)C1=O,25.79198455810547
COc1ccc(C(=O)N(C)CC2CC2)cc1-c1ccc(F)c2c1CN(C(=O)OCc1ccccc1)CC2,24.923500061035156
O=C(CSc1ccc2nnc(-c3ccco3)n2n1)Nc1ccc(Br)cc1,24.090089797973633
Cc1ccc(S(=O)(=O)C(C#N)=CN(C)C)cc1,19.464599609375
Cc1cccc(-n2c(CCN3CCC(N4CCN(C)C4=O)CC3)nc3ccccc3c2=O)c1,32.770076751708984
COc1cc(Sc2c(C#N)c(-c3ccco3)c3n2CCC3)cc(OC)c1OC,30.168258666992188
CN(C)CCN(C)C(=O)NC1CCNC1,27.537273406982422
CCOc1ccc(Cn2ccnc2)cc1CN1CCN(c2ccc(C(F)(F)F)cc2)CC1,26.30935287475586
O=C(NCc1ccncc1)c1nn2c(c1O)C(=O)N(Cc1ccco1)CC2,28.889047622680664
COc1cc(C)ccc1OC(=O)CC1Cc2ccccc2Cc2cc(-c3ccccn3)ccc21,51.56443786621094
NS(=O)(=O)c1ccc(NCc2ccc(Cl)cc2)cc1,19.206880569458008
CCOc1ccc(CCc2ccc(OC)cc2OCC(=O)O)cc1O,32.90386199951172
O=C1N(CO)C(c2ccccc2)=NC12CCN(S(=O)(=O)CC13CCC(CC1=O)C3(O)Cc1ccccc1)CC2,45.32852554321289
CN1CCN(c2nc3[nH]c(=N)[nH]c(=N)c3c(=Nc3ccc(Cl)cc3)[nH]2)CC1,24.037193298339844
c1ccc2c(COCC3CC3)cc(N3CCCCC3)nc2c1,23.62346649169922
CCc1ccc(C(=O)Oc2ccc(C=C[N+](=O)[O-])cc2OC)cc1,22.904813766479492
CC(=Nc1ccc(OCCCN(C)C)c(Cl)c1)c1c(O)n(C)c(=O)n(C)c1=O,28.92363166809082
COc1ccccc1C(=O)Nc1ccccc1OCCCn1cc(-c2ccccc2OC)nn1,30.615825653076172
CCCCCNC(=O)C(=O)C(CC1CCCCC1)NC(=O)C(CCCCN)NC(=O)CCc1ccccc1,34.927825927734375
O=S(=O)(c1ccc(Br)cc1)N1CCN(c2ccccn2)CC1,20.048919677734375
O=C(OCC(=O)N1c2ccccc2Sc2ccccc21)c1ccccc1NCCO,22.812641143798828
COc1cc(-c2nnc3n2CCCCC3)ccc1OCC(=O)Nc1ccc(Br)cc1,26.550384521484375
Cc1ccccc1-n1cccc1CN1CCN(Cc2ccc3c(c2)OCCO3)CC1,28.67349624633789
CC1CN=C(C=Cc2ccccc2F)O1,25.877239227294922
O=C(Nc1ccc(CCC2CNCCN2)cc1)c1ccc(Br)o1,26.442787170410156
O=C(NNC(=O)c1cc(-c2ccccc2)nc(-c2ccccc2)c1)Nc1ccc(Br)cc1,27.784666061401367
CCN1CCCC1CNC(=O)c1cc(-c2ccc(-c3nnc(C)o3)cc2)ccc1Cl,30.10099983215332
COc1ccc(-n2c(SCCN3CCCC3)nnc2-c2cccc(C)c2)cc1,28.75979995727539
CCOC(=O)c1cc(-c2ccccc2)sc1NC(=O)CC,21.750391006469727
CCCN(CCC)CCCNc1sc2c(c1C(=O)OC(C)C)CCCC2,28.845483779907227
Cc1cc2[nH]cnc(=NC3CCCCC3)c2cc1C,26.619138717651367
CCc1nc(C(C)NC(=O)Oc2ccc(Cl)cc2)nn1-c1ccc(C)cc1,34.25237274169922
O=C(c1ccccc1)c1ccc(OCCOC(=O)c2cccc3c2OCCO3)cc1,27.79974365234375
CC1CCc2c(nc(SCC(=O)Nc3ccc(Cl)cc3)[nH]c2=O)C1,26.518779754638672
CCCNC1CCN(c2ccc(NC(=O)Cc3ccccc3)cc2F)C1,28.150432586669922
O=C(Oc1ccc(CC(NC(=O)c2ccc(Br)[nH]2)C(=O)O)cc1)c1cccnc1,34.40706253051758
Cc1cc(C(F)(F)F)cn2c(Cl)c(C(=O)N3CCSCC3)nc12,25.934782028198242
CC(=NNC(=O)c1nnn(-c2no[nH]c2=N)c1CN1CCC(C)CC1)c1ccccc1,22.23127555847168
CCCNC1OC(CO)C(O)C(OCc2ccccc2)C1OC1OC(CN)CC(O)C1N,35.55211639404297
CCC1(CCCCN2CCN(c3ccccc3OC)CC2)C(=O)Nc2ccccc21,18.956811904907227
Cc1ccc(CSc2nnc(-c3cccnc3)n2Cc2ccccc2)cc1,22.834630966186523
COc1ccc(CN(C(=O)CNS(=O)(=O)c2ccc(Cl)cc2)C2CCS(=O)(=O)C2)cc1OC,28.559429168701172
CCOc1ccc(N(CC)c2cc(C)nc3cc(-c4ccc(C)cc4)nn23)cc1,30.778545379638672
Cc1ccc(C(=O)N(CCCN=c2cc[nH]c3cc(Cl)ccc23)CCN(C)C)o1,31.07680892944336
CCN(c1cc(C(=O)NC)cc(-n2nc(C(C)C)c3c(-c4ccc5ncsc5c4)ccnc32)c1)C1CCOCC1,38.44096755981445
Cc1ccc2nc3c(cc2c1)N=CN(Cc1ccccc1)S3,28.885351181030273
CCc1c(Cc2cccc(Br)c2)n2c(nc1=O)N(c1ccc(Cl)cc1)CC2,30.48311424255371
CCc1cccc(C(C)C)c1NC(=O)N=C1CCCN1,22.979549407958984
Cc1cc(C)nc(N2CC3CN(C(=O)CC#N)CC3C2)n1,23.56844711303711
CCOC(=O)c1cccc(S(=O)(=O)c2ccc(OC)cc2)c1,25.13009262084961
O=C(Nc1ccc2[nH]c(=NCC3CCCO3)sc2c1)c1cccs1,23.528913497924805
Cc1ccc(S(=O)(=O)N(CC(=O)N=c2cccc[nH]2)C(C)c2ccccn2)cc1,30.07733917236328
Cn1c(=O)[nH]c(O)c(C(=O)N=NC(=N)N)c1=NNC(=O)Nc1ccc(Cl)cc1,38.02187728881836
O=C(O)c1cccc(Cn2cc3[nH]c4ccccc4c3cc2=O)c1,29.229938507080078
O=C(Nc1ccc(Cl)c2ccccc12)NC1CC(CF)(CF)Oc2cc(Cl)ccc21,24.714405059814453
COc1cc(OC)c2c(c1)C(=NO)c1ccc(N)c(OC)c1C2=O,32.12525177001953
COc1ccc(C=CC(=O)N2CCN(Cc3ccc(C#N)cc3)CC2)c(OC)c1,25.21944808959961
ON=C(O)c1cc2c(cc1OCc1cccc(Oc3ccccc3)c1)c1ccccc1n2Cc1ccccc1,40.73600769042969
Cc1occc1C1CC2OC23C2CCC(=O)OC2C2CC13CC(=O)C2C,47.28661346435547
O=c1cc(C2OC(CO)C(O)C(O)C2O)oc2cccc(O)c12,21.963773727416992
CC(C(=O)N1CCC(F)(F)CC1)C1CCC(CC(C)n2cc(C#Cc3ccc4c(c3)OCO4)nn2)O1,30.97337532043457
CC1(C)Oc2c(C(O)CNCCc3ccc(NCC(=O)O)cc3)cc(O)cc2C2(C)CCCCC12,37.96257019042969
COc1ccc(-c2cc(=O)c3cc(Cl)ccc3o2)cc1OC,19.93549156188965
CCN(CC)C(=O)C1CCCN1C(=O)C1Cc2c([nH]c3ccc(Cl)cc23)CN1CC1CCCCCC1,41.793025970458984
CN1C(=S)N(c2ccc(C(F)(F)F)cc2)C(=O)C1=Cc1ccccc1OC(F)F,28.6550235748291
COc1nn(-c2ccccc2)c2nc[nH]c(=Nc3cnc4ccccc4c3)c12,30.167491912841797
CC1=CC(C)(C)NC(=S)N1c1cc(Cl)c(Cl)c(Cl)c1,22.17706871032715
O=C(Nc1cccc(-c2cc(=Nc3ccc4c(c3)OCO4)[nH]cn2)c1)c1ncccc1F,33.061275482177734
Cc1ccc(-c2nncn2-c2cccc(C(F)(F)F)c2)cc1,23.35468292236328
CN1c2c(C(=O)O)nn(C3CCCC3)c2-c2ccccc2S1(=O)=O,24.485563278198242
N=c1nc[nH]c2ncn(CCCNC(=O)CCCCC3CCSS3)c12,30.88665008544922
NC(Cc1ccc(Cl)cc1)C(=O)O,18.664731979370117
Cc1onc(-c2ccccc2)c1CSc1ccccc1,21.571393966674805
CCc1nn(-c2ccc(Cl)cc2Cl)c2[nH]c(C)nc(=O)c12,21.586341857910156
COC(=O)c1ccc(N(CCC(F)(F)F)c2nc(C#N)c(COC(N)=S)s2)cc1,44.760276794433594
C=C(C)C1CCC2(C(=O)OCCC)CCC3(C)C(C(O)C(O)C4C5(C)CCC(=O)C(C)(C)C5CCC43C)C12,33.695526123046875
O=C(CC12CC3CC(CC(C3)C1)C2)Nc1ccc(Cn2ccnc2)cc1,24.73818588256836
CC(=O)NC(C)c1ccc2cc(C(=N)N)ccc2c1,26.181005477905273
Cc1cccc2[nH]c(=NCn3cncn3)oc12,29.147741317749023
C=C1C(=CC=C2CCCC3(C)CC(c4cccc(C(F)(F)F)c4)CCC23)CC(O)CC1O,24.665889739990234
CN(CCc1ccccn1)C(=O)Cc1ccc(O)c(Cl)c1,25.260730743408203
COc1cc(N=c2[nH]c(=NC3CCCc4ccccc43)c3cc[nH]c3[nH]2)cc(OC)c1OC,30.373178482055664
COc1ccc(-c2coc3cc(OC)ccc3c2=O)cc1,19.311450958251953
CCCOc1ccccc1C1CC(C(=O)Nc2ccc(CC(Sc3nc(C)cc(C)n3)C(=O)O)cc2)=NN1,41.52846145629883
O=C(Nc1cccc(Oc2ccc3[nH]c(=NC(=O)c4ccco4)[nH]c3c2)c1)c1ccc(Br)cc1,32.434906005859375
C[N+](C)(C)CCCCCC[N+]1(C)CCS(=O)(=O)CC1,25.44603729248047
CN1C(=O)c2ccc(NS(=O)(=O)c3cc(Cl)ccc3Cl)cc2OCC2OC(CC(=O)NCCN3CCCC3)CCC21,34.646522521972656
Cc1c(C)c2c[nH]nc2n(C)c1=O,19.090717315673828
O=C(c1ccccc1)n1c(CCc2ccccc2)nc2ccc(Cl)cc2c1=O,28.13302993774414
Cc1ncccc1C(=O)NC(C(=O)NCc1ccccc1)C(C)C,28.65061378479004
Cc1ccc(CN(C(=O)c2ccc(O)cc2O)c2ccc(-c3nc(Cl)ncc3C)cc2)c(Br)c1,28.872699737548828
Cc1cc(C(=O)COC(=O)Cn2cnc3c(cnn3-c3ccccc3)c2=O)c(C)n1C,30.32686424255371
CCc1cc(C(=O)C(=O)N(C)C)c(O)cc1O,26.06795310974121
N=c1[nH]c(S(=O)(=O)c2cccc([N+](=O)[O-])c2)cs1,24.302587509155273
O=c1oc2ccccc2c(O)c1N1CCN(c2ccccc2F)CC1,26.1517276763916
Cc1cc(NC(=O)C(=O)NC(CCC(N)=O)C(=O)O)c(C)c2c1OC(C(F)(F)F)C(F)(F)C2O,46.66718292236328
CC1(C)C(=O)Nc2cc3onc(-c4ccc(Cl)cc4)c3cc21,23.388519287109375
CC1Cc2ccccc2N1C(=O)c1ccc(-n2c(SCC(N)=O)nc3ccccc3c2=O)cc1,34.1553840637207
CCOC1(c2ccccc2)C(=O)Nc2c(Cl)cccc21,22.497072219848633
CC1CN(C2CCN(C(=O)c3nc4ccc(O)cc4s3)CC2)CC(C)O1,32.1141471862793
[O-][n+]1ccccc1-c1cc(-c2ccc(F)cc2)ccn1,28.86693000793457
Oc1ccc2[nH]c(-c3ccccc3)cc2c1,18.1093807220459
N=c1[nH]c(-n2cccc2OCCN)nc2c(-c3cccc([N+](=O)[O-])c3)nn(-c3ccccc3)c12,46.56065368652344
CC(C)C(NC(=O)C(CCCN(C)C)NC(=O)OC(C)(C)C)C(=O)CN(Cc1ccccc1)C(=O)NC(C)(C)C,41.60789489746094
O=C1CC2c3ccccc3C1c1c2c(O)n(-c2ccc(F)c(F)c2)c1O,25.32478904724121
Cc1ccnn(C)c1=NCCNC(=O)C1OC(CO)C(O)C(O)C1O,36.70212173461914
CC1(C)OC2CC(Cn3nccc3-c3cccc4ccccc34)(C(=O)O)OC2O1,40.95716857910156
C[N+](C)(CC#CCN(C(=O)c1ccc(-c2cccc(C#N)c2)o1)C1CCCc2ccccc21)CCO,49.9786491394043
CC(=O)N=c1[nH]nc(SCC(=O)Nc2ccc(Cl)cc2)o1,27.400869369506836
CSc1ccc(CN2CCC3(CC2)OC(=O)Cc2ccccc23)cc1,25.274045944213867
O=C1NCCN1CC1CCCN1C(=O)NCc1ccc(C(=O)N2CCCCc3sccc32)cc1,33.0354118347168
COc1ncc(C#Cc2ccc(C(=O)c3ccnc(Cl)n3)cc2)c(OC)n1,33.367401123046875
CC(C)N=c1[nH]c(-c2ccc(C3(O)CCSCC3)cc2)cc2ncn(C)c(=O)c12,24.58171844482422
CCOc1ccc(-n2cnc(C(=O)NCc3ccco3)c2C)cc1,29.20453453063965
CCN(CC)CCCCCCOc1ccc2c(c1)Cc1c(-c3ccc(-c4ccc(O)cc4)cc3)n[nH]c1-2,24.190841674804688
CC(c1ccccc1)n1c(SCC(=O)c2ccccc2F)nc2cc(Cl)c(Cl)cc21,33.11742401123047
c1ccc(OCCSc2nc3ccccc3s2)cc1,18.92017936706543
CC(=O)NCC(=O)Nc1ccccc1C(=O)c1ccccc1,22.19873809814453
COc1cccc(-c2nc3ccc(C(=O)O)cc3nc2Cc2nn(C)c(=N)[nH]2)c1,41.93083190917969
O=C(Nc1ccc([N+](=O)[O-])cc1O)c1ccc([N+](=O)[O-])o1,24.67599868774414
CCN1C(C)=C(C(=O)OC)C(c2cc3c(OC)c(OC)c(OC)cc3o2)CC1C,35.75578689575195
O=C(Nc1cccnc1)N1CC2(CCN(Cc3ccc(OCc4ccncc4)cc3)CC2)C1,30.104511260986328
Cn1c2c(c3ccccc31)C(c1ccc(Cl)cc1Cl)N(O)C(=O)C2,29.174055099487305
Clc1ccc(C(OCCN2CCCCC2)c2ccc(Cl)cc2)cc1,17.680524826049805
COc1ccc(Cn2c(Br)nc3cc(Cc4c[nH]c(=N)[nH]c4=N)ccc32)cc1,30.72332191467285
Cc1cc(C(=O)N=c2cc[nH]n2C2CCCC3CN(Cc4cnn(C)c4)CCC32)no1,36.61610794067383
c1ccc(C2(c3ccccc3)CN(C3CCSCC3)CN2)cc1,24.669435501098633
CCN(CC)CCn1c(-c2ccc(N3CC4CCC(C3)O4)cc2)nc2cccc(C(N)=O)c21,32.87468719482422
CN1c2ccccc2C(=O)N(Cc2ccccc2)S1(=O)=O,19.17960548400879
CNC(=O)c1cccc(N=c2[nH]cnc3cc(Cl)ccc23)c1,24.830209732055664
COc1ccc(C(=N)NCCc2ccccn2)cc1,24.091047286987305
COc1ccc(C(=O)Nc2ccccc2C(=S)N2CCOCC2)cc1OC,24.143550872802734
C=CCOC(=O)N1CCc2c(C(=O)OC)ncn2-c2ccc(Cl)cc2C1=O,32.413265228271484
N#Cc1c[nH]c(=NC(=O)Nc2ccc(Cl)cc2)cn1,19.942798614501953
CSC(=NOCC(=O)Nc1ccc(S(=O)(=O)N2CCCC2)cc1)c1c(F)cc(F)cc1F,37.04362869262695
COc1ccc(N=CC=Cc2ccc(Cl)cc2)cc1,23.094444274902344
COCC(NC(=O)Cc1ccc(Oc2ccc3ccccc3c2)nc1)C(=O)NC(C)(C)C,31.179393768310547
O=C1ON=C(c2ccc(F)cc2)C1=Cc1ccccc1F,21.276439666748047
COc1c(C=NNC(=O)NCCCN2CCOCC2)ccc2ccccc12,30.053590774536133
CCOC(=O)c1sc2nc3c(cc2c1N)C(=O)CCC3,19.632156372070312
COCCn1c(O)c(O)c(C(=O)c2ccc3c(c2)OCCO3)c1-c1ccc(Br)cc1,23.745769500732422
CC(C)OC(=O)N1CCCC1C(=O)NC1CC2CCC1N2C(=O)OCc1ccccc1,32.786014556884766
O=C(Cc1csc2ccccc12)NC1CC(c2ccc(Cl)c(Cl)c2)N(Cc2cccc(C(F)(F)F)c2)C(=O)N1,45.15479278564453
O=C(c1csc(=NCc2ccccc2)[nH]1)c1ccccc1Cl,23.17572021484375
CC1=CC2C(=O)C(C)(C)CCC2(C(=O)CN2CCCN(Cc3ccccc3)CC2)C2C(C)CCC12,36.264652252197266
NCC(c1ccccc1)c1ccccc1,16.12248992919922
COc1c(C(=O)CCN2CCCC2)ccc2c1CCCC2,25.78925132751465
CCN(C)C(=O)c1cc(C(CC)(c2ccc(OC)cc2)c2cccc(O)c2)ccc1O,37.46310806274414
COc1cccc(CC(=O)N=c2c3c([nH]n2-c2ccc(C)c(C)c2)C[S+]([O-])C3)c1OC,28.9289608001709
CCCCCC=CCCCCCCCCCCCc1cc(O)ccc1O,23.098899841308594
CCOC(=O)N1CCN(C(=O)c2cc(C)nn2-c2ccccc2)CC1,23.39483642578125
C=C(C)C1CCC2(COC(C)=O)CCC3(C)C(CCC4C5(C)CCC(OC(C)=O)C(C)(C)C5CCC43C)C12,23.444467544555664
O=C(Cn1cnc2cccc(Cl)c2c1=O)Nc1cccc(S(=O)(=O)N=C2CCCCCN2)c1,30.65569305419922
COc1cc(CN(CCO)CCC(=O)c2ncc(-c3ccc(C(F)(F)F)cc3)o2)ccc1OCCn1c(O)ccc1O,33.51933670043945
CSc1nc(Br)nc(C#N)c1Sc1cccc(Cl)c1,34.907440185546875
O=C(NCCCn1ccnc1)c1cc(S(=O)(=O)N2CCCCC2)ccc1F,22.817373275756836
CCOC(=O)CN(CC(=O)NC1CCOC1)C(=O)CCC(=O)N=c1cc(C)cc[nH]1,30.837181091308594
Cc1c(-c2ccccc2Br)n(C)c(=O)[nH]c1=O,24.181921005249023
O=C(NNC(=O)c1ccc(Br)o1)c1ccco1,20.87373924255371
CC(=O)NC(C)Cc1cc(C)ccc1N=c1cc[nH]c2cc(-c3cnn(C4CCN(C)CC4)c3)cnc12,40.21140670776367
CCn1cc(C(=O)O)c(=O)c2ccc(-c3ccccc3OCCCCC(F)(F)F)cc21,32.58319854736328
N=C(N)c1cccc(OCCCN=c2cccc[nH]2)c1,25.142200469970703
COc1cc(-c2nc3cccc(F)c3c(=O)o2)cc(OC)c1OC,24.006511688232422
CCCC(NC(=O)c1cccc(N(CC2CC2)c2cc(C#CC(C)(C)C)sc2C(=O)O)c1)C(=O)OC,42.1596565246582
S=C(N=c1nccc[nH]1)Nc1ccccc1,20.271034240722656
COc1cc2cc(-c3ccc(Cl)cc3)c[n+](CCC3NC4(C(=O)N5C(C)=CC=CC5=[N+]4C)C(C)(C)N3O)c2cc1OC,62.86611557006836
COc1ccc(NC(=O)c2cc(-c3ccncc3)nn2Cc2ccccc2)cc1OC,26.041391372680664
Cc1ccccc1C(=O)Nc1ccc2c(c1)OCO2,19.56034278869629
Cc1ccc(C(C#N)=Cc2ccc(CN3CCCCC3CO)cc2)cc1,31.789297103881836
CC(=O)OC(CC12CCCCN1C(=O)C(=CCO)C2O)=C(C)C,47.62674331665039
CCCCOc1ccc(C=Cc2ccccc2)cc1,19.062868118286133
CCCc1c(C#N)c2cc(F)ccc2n1CCC(C)C,32.05732727050781
Cc1cccc2cc(CN(Cc3ccccc3)C(=O)c3cnsn3)c(=O)[nH]c12,27.29014015197754
CC(=O)Nc1ccc(S(=O)(=O)NCCC(=O)OCC(=O)N2CCN(C(=O)c3ccco3)CC2)cc1,25.807964324951172
N#Cc1cccc(S(=O)(=O)N=c2cccc(-c3ccc(S(=O)(=O)Nc4cccc5c4OC(F)(F)O5)c(Cl)c3)[nH]2)c1,42.42211151123047
COc1ccc(C2CCN(CC(=O)N3CCC(CC(N)=O)C3)C2=O)cc1OC1CCCC1,33.3856315612793
O=C1c2cc(Sc3ccc(O)cc3)ccc2CC1CCCCCCc1ccccc1,39.094913482666016
O=C(Nc1coc(C(O)(Cn2cccc2)C(F)(F)F)n1)c1ccc2[nH]c(=O)oc2c1,44.839141845703125
CON=C(CC1=NC(C(=O)OC)C(c2ccc(F)c(Cl)c2)C12C(=O)Nc1cc(Cl)ccc12)c1ccc(-n2ccnc2C)cc1,39.75920486450195
O=C(O)c1cc(-c2ccn(S(=O)(=O)Nc3ccccc3)c2)ccc1OCCN1CCCCCC1,36.995361328125
Cc1cc(C)c(NC(=O)CCCn2c(O)ccc2O)c(C)c1,19.90003204345703
CCC=CCC1C=Cc2c(C=CC=C(O)C(=O)NCC3CCCC3)oc3cc(OC)cc1c23,44.37017822265625
ON=C(O)Cc1ccccc1,17.39434242248535
Nc1ccc(O)c(C(=O)c2ccc(Cl)cc2)c1,20.446788787841797
NC(=NC(=O)c1ccccc1Br)NCc1cccc(-c2ccccn2)c1,34.716224670410156
c1ccc(COC2CCC3C2OCCN3C2CCOC2)cc1,28.9543399810791
Fc1ccc(-n2ncc3c(=NC4CCCC4)[nH]cnc32)cc1,20.0986385345459
COc1ccc(S(=O)(=O)N2CCN(C(=O)C3CC3)CC2)cc1[N+](=O)[O-],25.7111759185791
N=C(NNc1ccc(S(=O)(=O)F)cc1)c1cccs1,28.66254997253418
COc1cccc2c1C(=O)c1ccc3sccc3c1C2=O,26.712465286254883
COc1ccc(CN(Cc2ncc[nH]2)c2nc3ccccc3nc2C(C)C)cc1,30.756277084350586
CCOC(=O)c1c(CC)c2cc([N+](=O)[O-])ccc2n1-c1ccc2c(c1)OCC2,39.951934814453125
Cc1cccc(C)c1NC(=O)COC(=O)c1ccccc1-n1cnnn1,24.49835968017578
CN(C)CC(N=c1c2ccccc2[nH]c2scc(-c3ccccc3)c12)C(=O)NCC(=O)O,37.723575592041016
N=c1nc2scc(-c3ccccc3Cl)n2[nH]1,21.39154052734375
CCCCn1c(-c2ccc(F)cc2)csc1=NC(=O)c1ccccn1,26.726367950439453
CC1(C)NC(C)(C)c2c1n[nH]c2C(=O)Nc1ccc(Cl)nc1,28.431983947753906
CCn1c(N2CCCC2)nc2cc(Cl)c(C(=O)N=c3cc[nH]cc3)cc21,34.64854431152344
COc1cc(O)c(C(=O)O)cc1O,19.304471969604492
CC=C(C)C(=O)N1CC(C)N(C(=O)Cn2c(-c3ccc(Cl)cc3)nc3cccc(F)c32)C(C)(C)C1,44.4249267578125
CNC(=O)c1ccc(-c2cccc(C=CC(O)=NO)c2)o1,25.72749137878418
COc1cc(C=C2CC(=O)C(C(C)=O)C2=O)cc2c1OCO2,23.05617332458496
O=C(O)CC1C(CCCCNC(=O)NC(=O)c2ccccc2)OCC1c1ccc(Cl)cc1,45.25579833984375
CC(=O)N(Cc1ccc(OCCN2CCOCC2)cc1)c1cccc(Oc2ccccc2)c1,29.628189086914062
Cc1ccc2nnc(C(Cc3ccccc3)C(=O)O)n2n1,31.98390769958496
COc1ccc(C(=NS(=O)(=O)c2ccc(OC)cc2OC)N=c2[nH]c3ccccc3s2)cc1,30.568323135375977
C[S+]([O-])c1ccc2cc(F)c(N3CCC4(CC3)CC(c3ccc5c[nH]nc5c3)C4)nc2n1,49.06201171875
CCOc1cc(Cl)c(Cl)cc1N1CCN(CCNS(C)(=O)=O)CC1,31.147663116455078
CN1CCN(c2ccc3ncn(-c4ccccc4N)c(=O)c3c2)CC1,26.104097366333008
CCc1nc(-c2ccc(C(=O)N3CCSCC3)cc2)c(C(=O)Nc2cccc(Cl)c2)o1,37.48794937133789
CSc1n[nH]c(C23CCC(=O)N2CCc2ccccc23)n1,29.492387771606445
O=C(O)CCC(=O)NC1CC=C(c2[nH]c3nccc4c3c2CCNC4=O)CC1,25.923128128051758
Cc1ccc(C2=NS(=O)(=O)N(C)C(C(=O)N=c3cc[nH]cc3)=C2)cc1,21.482135772705078
C=C(C)C1(O)CCC2(C)C(CC=C3C4(C)CCC(C(CC=C(C)C)(CCC=C(C)C(=O)O)OC)C4CCC32C)C1(C)C,47.38719177246094
O=C(CN1CCc2c([nH]c3ccccc23)C1c1ccc(Cl)cc1)Nc1ccc2c(c1)OCCO2,28.613027572631836
O=c1cc(-c2nnc(Cc3ccc(F)cc3)o2)oc2c(F)c(F)c(F)cc12,26.678998947143555
Cc1nc2c(-c3ccc(Cl)cc3)c(C)nn2c(C)c1C(=O)N1CCOC(COc2ccccn2)C1,34.486656188964844
O=c1ccc2cc3ccoc3c(OCc3cn(Cc4ccccc4)nn3)c2o1,22.903154373168945
C=C(Br)C(=O)Nc1cc2ccccc2n1C,26.848403930664062
O=C(C1CCCO1)N1CCN(c2ccccc2F)CC1,18.935720443725586
O=C(NCc1ccco1)c1c(-c2cccc(Cl)c2)[nH]c2c(C(F)(F)F)cccc2c1=O,28.737159729003906
COc1ccc(N=c2[nH]c(Cl)nc3c2cnn3C)cc1,20.242006301879883
Cc1ccc(C(C)(C)C)c(Oc2c(C=C3SC(=S)N(Cc4ccc(C(=O)O)cc4)C3=O)c(C)nn2-c2ccccc2)c1,32.50766372680664
COC1COCCC1NC1CC2CCCC2(C(=O)N2C3CC2CN(c2ncc(C(F)(F)F)cn2)C3)C1,25.019763946533203
COc1ccc(C(=O)NN=c2[nH]cnc3c2cnn3-c2ccccc2)cc1OC,24.099624633789062
CCCc1cc(=O)[nH]c(SCC(=O)N=c2[nH]cc(C)s2)n1,21.70185089111328
O=C(C=Cc1nc2c(Cl)c(C(=O)O)cc(O)c2cc1C1CCCCC1)Nc1ccc(Cl)c(Cl)c1,50.53064727783203
O=C(NCCN1CCN(C(=O)c2ccc(Br)cc2)CC1)C1CCCCC1,26.352718353271484
Brc1cc(-c2ccnc3ncccc23)[nH]c1Br,26.645992279052734
NS(=O)(=O)c1ccc(-c2cn3c(n2)sc2ccccc23)cc1,23.249542236328125
CCC(O)(CCCCN1CCCC1CO)CN1CCC(Oc2ccc(Cl)c(Cl)c2)CC1,37.74757385253906
CCCCn1nnnc1C(c1ccccc1)N1CCN(S(=O)(=O)c2cccs2)CC1,26.125749588012695
CN(C(=O)COc1ccccc1C(=O)c1ccccc1)c1cccc(Cl)c1,25.237998962402344
Cc1ccc(S(=O)(=O)N=C(N)NNC(=O)c2ccc(C)nc2)cc1,29.96515464782715
CC1=CCC(C)(C)C=C1n1cnc2ccccc21,25.158872604370117
N=c1[nH]ccn2c(C3CCC(C(=O)NCc4ccccc4F)CC3)nc(-c3ccc(Oc4ccccc4)cc3F)c12,28.057125091552734
COCCc1n[nH]c(=NC(=O)c2ccc(OC)c(OC)c2)s1,22.83502960205078
CC(C)c1ccc(NC(=O)C(=O)c2cc3cccc(F)c3oc2=O)cc1,30.67504119873047
COc1ccc(NC(=O)C2CC(c3ccc(Br)cc3)=NO2)cc1,21.12326431274414
COc1ccc(C2(O)CCN(CCCCn3c(O)csc3=O)CC2)cc1,27.130855560302734
Cc1cc(N=Nc2ccc(S(=O)(=O)N=c3[nH]ccs3)cc2)no1,23.19271469116211
O=C(Cn1nnc2ccccc2c1=O)n1cccc1,27.049306869506836
FC(F)(F)c1c[nH]c(=NCc2cccs2)c(Cl)c1,21.6633358001709
COc1ccccc1N=c1[nH]c(-n2nc(C)cc2C)nc(=NCc2ccccc2)[nH]1,26.432340621948242
CN(C)C(=O)C(N=c1nc(N=c2cc(C3CC3)[nH][nH]2)c(F)c[nH]1)c1ccc(Cl)c(Cl)c1,33.1888313293457
O=C(O)c1cn(-c2ccc(O)cc2)c2nc(N3CCNCC3)c(F)cc2c1=O,20.49308967590332
O=C(N=c1[nH]c(-c2cc(C(=O)N3CCOCC3)ncc2Cl)cs1)Nc1ccccc1,32.151390075683594
Cc1ccc(NC(=O)CN2C(=O)NC(c3ccccc3)(c3ccccc3)C2=O)cc1S(=O)(=O)N1CCOCC1,22.477779388427734
CCNCc1c[nH]c2c(=Nc3ccc(N=c4nccc[nH]4)cc3)nc[nH]c12,38.79417419433594
COc1ccc(C=CC(=O)Nc2ccc(-c3cc(C(=O)NS(=O)(=O)c4ccc(OC)cc4)no3)c(OC)c2)cc1,39.43890380859375
Cc1nc(-c2ccn3c(-c4cccc(NC(=O)NCC(F)(F)F)c4)cnc3c2)[nH]c(=N)n1,24.55219841003418
N#CC(Cc1ccccc1)NC(=O)N1CCN(CC(c2ccccc2)c2ccccc2)CC1,32.30681228637695
O=C(CCCN1CCN(c2ccc(C(F)(F)F)cc2)CC1)NN=C1CCc2ccccc21,29.404531478881836
Cc1noc(C(=O)N2CCCC2c2ccc[nH]2)n1,25.80384635925293
CN(CC(=O)NC1C2CC3CC(C2)CC1C3)S(=O)(=O)c1ccc2c(c1)c(=O)n(C)c(=O)n2C,32.00968551635742
CNC(=O)C(NC(=O)c1ccc(CCCc2nc3cc(C(=N)N)ccc3[nH]2)cc1)c1oc(N2c3ccccc3CC2CN)cc(=O)c1O,59.014015197753906
Cc1ncsc1C(CCNC(=O)C(C)(C)C)c1ccccc1,29.899194717407227
Cc1cccc(CCC(=O)N=c2c3c([nH]n2-c2ccccc2)CS(=O)(=O)C3)c1,26.570648193359375
NCCCCNCCCCNCCCNCCCN=C1CC(=O)c2cccc3cccc1c23,28.78030014038086
CC(=O)NC(CCCN=C(N)N)C(=O)NC(C)C(=O)NC(CC(C)C)C(=O)NCC(=O)NC(CC(C)C)C(N)=O,35.943214416503906
CC1CN(Cc2ccc(OCCCN3CCc4ccccc4C3)cc2)C(=O)O1,27.477025985717773
CC(C)(O)CN1CC(C(=O)Nc2ccc(CNCCF)cc2)N(c2ccc(C#N)c(C(F)(F)F)c2)C1=O,37.45963668823242
CN1CC2CN(C(=O)c3cc4sccc4n3C)CC2C1,25.774105072021484
Cc1ccc(OC(=O)C(=O)Nc2ccc(Sc3ccccc3)cc2)c([N+](=O)[O-])c1,34.27381896972656
Cc1cc(=NS(=O)(=O)c2ccc(NC(=O)COc3ccc(Cl)cc3)cc2)nc(C)[nH]1,22.26515007019043
OC(c1ccc2c(cnn2-c2cccc(F)c2)c1)C1CCCCC1,27.064247131347656
CC(C)(C)NCCNC(=O)C(C#N)=Cc1ccc(Cl)c(Cl)c1,26.60247230529785
CCOc1cccc2c(C3c4c([nH]c(SC)nc4=O)N=C4CCCCC43)coc12,37.39985275268555
O=C(Nc1ccc(Cl)cc1)c1ccc[nH]c1=NCc1ccncc1,19.094087600708008
CCC(N)CCc1ccccc1C(F)(F)F,26.979888916015625
CCc1c(-c2ccsc2)oc(-c2ccccc2)c1-c1ccc(S(C)(=O)=O)cc1,27.8814640045166
COc1ccc([N+](=O)[O-])cc1NS(=O)(=O)c1ccc(F)cc1,21.37007713317871
Cc1cc(Cl)ccc1OC1CCN(S(=O)(=O)c2ccc3c(c2)C(C)(C)C(=O)N3C)CC1,25.788530349731445
Cc1cc(Br)cn2c(Cc3ccsc3)c(-c3ccccc3)nc12,22.228979110717773
CN(C)Cc1ccccc1-c1cccc(Cn2c(O)cn(C)c2=O)c1,28.815608978271484
Cc1nc(CS(C)(=O)=O)cc(N(C)C(=O)Cc2ccc(-c3ccccc3)cc2F)n1,38.3535041809082
CCn1nnc(=NCc2ccc(C3CNC(=O)C3)cc2)[nH]1,28.51250648498535
CNC(=O)n1cc(C(=O)NC(Cc2ccc(O)cc2)C(=O)O)c2ccc(Cl)cc21,33.336448669433594
CCCCC(=O)Nc1ccc(C(=O)OC2CC(C)(C)CC2Cn2cc(C)c(=O)[nH]c2=O)cc1,40.11560821533203
O=C(CCn1sc(Cl)cc1=O)N=c1[nH]c2ccc(F)cc2s1,28.28784942626953
COC(=O)c1cccc2nc3ccc(CN4CCCCC4)cc3nc12,27.30457878112793
O=c1ccc(=O)c2[nH]c(=O)n(O)c2[nH]1,22.04265785217285
Cc1ccccc1C(=O)N=c1cc[nH]n1C1CCN(Cc2ccccc2)CC1,20.37254524230957
CC(C)c1ccc(C(=O)NNC(=S)N2CCOCC2)cc1,26.11974334716797
CC(COc1cc2c(-c3cccc(NC(=O)C(C)(C)C)c3)ncnc2c(C(N)=O)n1)c1ccccc1,44.87148666381836
CCCCCCCN(C(=NCCCN1CCOCC1)N=c1cc(C)[nH]c2ccc(OC)cc12)c1ccccc1,34.61369705200195
COc1ccc(COCC(O)CN2Cc3ccc(Cl)cc3C2)cc1OC,29.660808563232422
OC1CCN(CCN=c2c3c([nH]c4ccccc24)CCCC3)CC1,23.950580596923828
COC(=O)C=Cc1ccc2c(c1)CC(CC(C)(C)C(=O)OC)O2,31.321191787719727
C#CCOc1c(C=NNC(=O)c2cc(SC)nc(-c3ccccc3)c2)cccc1OC,31.016069412231445
Cc1ccc(-c2ccc(C=C3CC(C)CC(=Cc4ccc(C#N)cc4)C3=O)o2)cc1,33.421810150146484
CN(C)C(=O)OC1(c2ccc(Cl)cc2)COc2ccc(Cl)cc21,29.541902542114258
CCOC(=O)C1=C(c2ccccc2)Oc2ccccc2N1CC1CCCO1,28.791086196899414
CN1CCN(c2nc(-c3ccccc3)cc(-c3cccc(O)c3)n2)CC1,20.80052947998047
Cc1ccc(N2CCN(Cn3c(O)cc(-c4ccccc4Br)c3O)CC2)cc1,23.363384246826172
CCn1cc(C(=O)N2CCN(C)CC2)cn1,21.820545196533203
COc1cc(Sc2ccc3c(C=Cc4ccccn4)[nH]nc3c2)cc(OC)c1OC,23.78512191772461
N=c1ncc(-c2ccc(-c3c(F)cccc3Oc3ncccn3)cc2F)c[nH]1,23.788616180419922
COc1ccc(Cn2c(=NCCN=C(N)N)[nH]c(=O)n(Cc3ccccc3)c2=O)cc1,18.938051223754883
CC#CCOC(=O)c1nc[nH]c1C(=O)N(CC)CC,30.111160278320312
COc1ccc(CC(N)C(=O)NC(CC(C)C)C(=O)N2CCCC2C(=O)NCCc2ccccc2Cl)cc1Cl,37.47303009033203
COCCOC1(C(=O)NCc2cccc(C(=N)N)c2)CC(O)C(O)C(C(=O)O)O1,34.75263595581055
COc1ccc(-c2nc3ccc(C)cc3nc2Sc2ccccc2)cc1,26.445180892944336
CN(Cc1ccc2c(c1)N(Cc1ccccc1)c1ccccc1S2)CC(O)C[n+]1ccccc1,39.51681137084961
Cc1ccc(NC(=O)c2cc(-c3ccncc3)cn2C)cc1C(N)=O,30.083343505859375
CC(=O)c1c(C)[nH]c(C(=O)NCc2nnc(C)o2)c1C,23.841793060302734
O=C(c1cccnc1)c1cccnc1,20.222393035888672
CC(C)c1cc(CO)c2ccccc2n1,20.0679988861084
COC(=O)NC(c1ncco1)C(C)(C)CNC(=O)Cc1ccc(OC)c(OC)c1,39.1269645690918
CCCN(C(CC)c1ccc(N2CCc3c[nH]c(=O)nc3C2)nc1)S(N)(=O)=O,46.238338470458984
COc1ccccc1C1NCC(C)N(Cc2cc3nc[nH]c3[nH]2)C1=O,42.548980712890625
COc1cccc(C(=O)c2sc(=S)n(C)c2C)c1,23.552064895629883
Cc1o[nH]c(=NS(=O)(=O)c2c(Cl)cc(-c3ccc(Cl)cc3)cc2Cc2nc(-c3ccsc3)cs2)c1C,49.61897277832031
COC(=O)C(Cc1ccccc1)NC(=O)C(Cc1ccccc1)NC(=O)OCc1ccccc1,21.37462043762207
O=C1CCN(Cc2ccccc2)CCN1Cc1ccccc1,19.43124771118164
Clc1ccc2[nH]c(-c3cccc(Br)c3)nc2c1,20.779489517211914
O=C(NN=Cc1ccc2ncccc2c1)c1ccc(NC(=O)c2cccc(Br)c2)cc1,29.364295959472656
CSC(CNC(=O)C=Cc1ccc(F)cc1)SC(C)=O,32.012332916259766
C#CC1(O)CCC2C3CC(C)(O)C4CC(=NOCCN)CCC4(C)C3CCC21C,26.018936157226562
CN(C)c1ccc(C=C2CCC(=Cc3ccc(N(C)C)cc3)C2=O)cc1,18.645709991455078
Cc1ccc(NC(=O)CC(=O)n2nc(C)c(Sc3ccccc3Cl)c2C)c(C)c1,29.10211181640625
Cc1ccc(Nc2cc(=O)[nH]c(=N)[nH]2)cc1,17.72040367126465
Clc1ccc(Oc2nc(Cl)nc3ccsc23)cc1,22.162755966186523
Oc1ccc2c3c1OC1c4ncccc4CC4(O)C(C2)N(CC2CC2)CCC314,24.061674118041992
O=C(C1CNCC(=O)N1c1ccc(OCCCOCc2ccccc2)cc1)N(Cc1cccc(Cl)c1Cl)C1CC1,20.443742752075195
CCC(CO)(CO)N1CCN(CC(C)=Cc2ccccc2)CC1,27.901153564453125
O=C(c1cn(CCc2ccccc2Cl)c2ccccc12)N1CCN(c2ccccc2)CC1,28.862815856933594
O=C(NCCO)c1c(O)[nH]c2cc(Cc3ccc(F)cc3)cnc2c1=O,22.937652587890625
CSc1nc2ccccn2c(=N)c1S(=O)(=O)c1ccc(C)cc1,20.465087890625
COc1ccc(-c2ccc(S(=O)(=O)NC(CCCCNC(=O)c3ncc4cc(N5CCCC5=O)ccc4c3O)C(=O)O)cc2)cc1,51.37831115722656
CCN(CC)C1=CC(=O)C(C(=O)C(C)C)C(=O)C1,23.11068344116211
Cc1ccccc1-c1ccc2[nH]cnc(=Nc3cccc4[nH]ccc34)c2c1,25.951061248779297
O=C(O)CN(C(=O)C1=CCCC1C(=O)O)c1ccccc1,27.353158950805664
CS(=O)(=O)c1ccc(-n2nc(C(F)(F)F)cc2-c2ccc(Cl)cc2Cl)nc1,24.200624465942383
Cc1nn(C(=O)c2cccn2C)c(=O)cc1[N+](=O)[O-],32.714717864990234
CN=C(SC)c1ccc(CCOc2ccc(F)c(C(N)=O)c2F)cc1,33.8753776550293
Nc1cc(-c2cc(=O)cc(N3CCOCC3)s2)cc(-c2ccnc3ccnc(OCc4ccc(O)cc4)c23)c1,46.89090347290039
c1ccc(CNc2cccc3ncccc23)cc1,21.951688766479492
Cc1c(F)ccc(C(=O)NC2CC2)c1NC(CC1(C)CC1(Cl)Br)c1cccc(NC(=O)c2ccno2)n1,50.76917266845703
CCCCCCCCC(=O)NC(Cc1c[nH]cn1)C(=O)NC(Cc1ccccc1)C(=O)NCc1ccccc1,30.420516967773438
CC1(C)CCCC2(C(=O)O)CC=C3C(=CC(O)C4C3(C)CCC(O)C4(C)C)C12,29.92418098449707
C=CC(C)(C)c1c(O)cc(OCOC)c2cc(C)c(=O)oc12,32.823387145996094
O=C(O)Cc1ccc(NS(=O)(=O)c2ccccc2)cc1,19.65070152282715
Cc1cc(C)c2c(c1)NC(=O)c1ccccc1N2C(=O)CCN1CCN(Cc2ccccc2)CC1,29.944326400756836
O=[N+]([O-])c1ccc(NC(=S)N2CCSC2)cc1,23.585411071777344
FC(F)(F)c1cc(CNCCc2ccccc2Cl)cc(C(F)(F)F)c1,24.897689819335938
COC1(c2cc(COc3ccc(C45CCC(C(=O)O)(CC4)CC5)cc3)c3ccccc3n2)CCOCC1,35.62683868408203
CN1CCN(c2ccc(N=c3ncc(NC(=O)c4cc(NC(=O)c5cccc(-c6cccs6)c5)cc(C(F)(F)F)c4)c[nH]3)cc2)CC1,33.7314567565918
Cc1ccccc1-c1nnc(SCC2CS2)o1,26.674711227416992
COc1ccc(NC(=O)c2c(C)cc(=O)oc2C)cc1S(=O)(=O)N1CCOCC1,23.51529884338379
O=C(C=Cc1ccc(Cl)c(Cl)c1)NCCCCCN1CCC(NC(=O)Nc2ccc(F)c(F)c2F)CC1,22.68816566467285
CCCCC(NC(=O)c1cccc(Cl)c1F)C(C)(C)C(=O)N1CCC(CC(=O)O)CC1,35.31257247924805
CC1(C)CCC(C)(C)c2cc(C(=O)OCCCO)ccc21,27.222341537475586
CN(C)CC(c1ccccc1)c1cccc(CNS(=O)(=O)N(C)C)c1,30.5294189453125
CC(N=c1ccc(-c2cc(N3CCC(O)C3)nc(C3CC3)n2)c[nH]1)c1ccccc1,28.790115356445312
CCCCOc1c(NCc2ccccc2)cc(Cl)c2[nH]c(C(=O)O)nc12,36.27861022949219
CC(C)N=c1nc(N(C)Cc2ccccc2)cc[nH]1,22.47262954711914
CCCCCCCOc1ccc(C(=O)O)cc1,18.6822509765625
O=C1Nc2ccc(S(=O)(=O)NCCCN3CCOCC3)cc2C1=Cc1ccsc1,29.265853881835938
Cc1occ(NC(=O)c2ccc(C3CCCC3)cc2)c(=O)c1C(=O)O,35.785160064697266
O=C(c1cccc2c1OCCCO2)N1CCN(c2ccccc2)CC1,26.10824203491211
COC1CN(C(=O)C(C)NC(=O)c2nc(C)cc(Oc3ccccc3)n2)CC1F,34.716278076171875
Cc1cccc(C(=O)Nc2cccc(CN3CCC(C(=O)NC(C)(C)C)CC3)c2)c1,20.588932037353516
Cc1cccc(C2C(Oc3cc(C)n(C)n3)CC3C4CCCN(CC4)C32)c1,45.6778678894043
COc1ccc(C(=O)N(CCc2ccccc2OC)C2CCS(=O)(=O)C2)cc1,27.637470245361328
CCC(C)C(=O)Oc1cc2oc(-c3cc(OC)c(OC)c(OC)c3)cc(=O)c2c(O)c1O,30.724506378173828
CC(NC(=O)CC1CC2CCC(C1)N2C)c1ccc(Cl)cc1,25.71274757385254
CN1CCN(c2cc(NC(=O)c3cccc(S(=O)(=O)NCc4ccccc4)c3)cc(C(F)(F)F)c2)CC1,28.87785530090332
CCN1CCN(C(=O)C2CC2c2ccccc2)CC1,20.86132049560547
CN1CCC(c2cc(-c3ccncc3)no2)CC1,23.969675064086914
CCCCCCN(CCCCCSc1nc(-c2ccc(OC)cc2)c(-c2ccc(OC)cc2)[nH]1)C(=O)Nc1ccccc1F,27.57805633544922
COc1ccccc1C(=O)N=c1[nH]n(CC2OC(CO)C(O)C2O)c2ccc([N+](=O)[O-])cc12,38.72977828979492
COc1ccc(CC(CO)N(C)C(=O)c2cccnc2)cc1OC,32.014312744140625
CCOC(=O)C1CCN(c2ccc(S(=O)(=O)Nc3cc(OC)c(OC)c(OC)c3)cc2)CC1,26.88773536682129
CCOC(=O)C1CCN(c2nn(CCCC(=O)Nc3ccc(C)cc3)c(=O)n3c2nc2ccccc23)CC1,40.011077880859375
O=C(CC1CCN(CCCn2cncn2)CC1)NCC1CCOCC1,29.37772560119629
Cc1ccc(NCC(=O)NN=Cc2ccco2)cc1,19.564189910888672
COc1ccc(-c2nc3cc(-c4ccc(C)cc4)[nH]c(=NC(=O)Cc4cccc5ccccc45)n3n2)cc1,34.20526885986328
Oc1cccc2cc(C(O)(C(O)O)C(F)(F)F)ncc12,41.27496337890625
CN(c1ccccc1)c1nc(CCl)nc2cc3c(cc12)CC1(CCCCN1)C3,35.511783599853516
COC(=O)CNC(=O)C1CCCN1C(=O)CC(C)c1ccccc1,28.488183975219727
CC1=C2CC3(C4CCCCC4)CCC4(C)C5=C(CC(=O)C5C)C(C)(C)C(=O)C(C#N)CC4C3CC2OC1=O,53.59497833251953
O=C(c1coc2ccccc12)N1CCN(C(=S)N=c2cccc[nH]2)CC1,28.990619659423828
CCCC(C)(CC)OOC(C)=O,26.387020111083984
CC(Oc1ccccc1)C(=O)NNC(=O)Nc1cccc(Cl)c1,24.64423179626465
c1ccc(COc2nc(-c3ccc4c(c3)OCO4)nc3c2COc2ccccc2-3)nc1,30.211013793945312
C=CCn1cnnc1SCC(=O)Nc1c(C)cccc1C,22.74553108215332
O=C(O)C1CCCC1NCc1cccc(C(F)(F)F)c1,25.174165725708008
O=C(Nc1ccc(Br)cc1)Nc1ccccc1-c1cn(-c2ccc3n[nH]cc3c2)nn1,35.0578727722168
Cc1ccc(NC(=O)Cn2ccc3ncccc3c2=O)cc1C,25.274524688720703
COc1ccc(C(=O)N2CCc3c2ccc2nc(-c4ccco4)c(C)nc32)c(OC)c1,38.204200744628906
CC(C)c1ccc(C=CC(=O)NC2CCCN(Cc3ccc(O)cc3)C2)cc1,27.65814971923828
N#CCc1ccc(O)c2c1OCC2CC(=O)O,31.56168556213379
CCc1ccc(Oc2cc(C(=NO)N3CCCCC3)ccn2)cc1,20.346651077270508
Cc1cccc(Cc2c(O)cnn(CC(O)c3ccc(N(C)C)cc3)c2=O)c1,32.749568939208984
c1ccc(Oc2cccc(C3=NCCN3)c2)nc1,22.72043228149414
Cc1[nH]c2ccc3ccccc3c2c1CC(=O)NCCc1ccccn1,31.458091735839844
COCc1nc2c3c(-c4ccccc4)nn(-c4ccc(OC)cc4C)c3ncn2n1,34.501712799072266
O=c1nc(-c2ccccc2N=CC2NCCN2)[nH]c2ccccc12,23.586881637573242
Oc1cc(Cc2ccc3c(c2)OCO3)c(CCCCBr)o1,29.659717559814453
CN1CCN(CCCNc2ccc(C(=O)Oc3ccc(C(N)=O)cc3)cc2)CC1,29.960206985473633
Cc1ccc(N2CCCN(C(=O)c3ccc(F)cc3-n3nccn3)CC2)nn1,28.067350387573242
CCCNC(=O)Cc1ccc(Nc2cc(=O)n(CC(C)C)c(=O)[nH]2)c(C)c1,29.400928497314453
Cc1ccc(C=NN2CCSC2N(O)C(=O)NCCc2ccccc2)cc1,32.032833099365234
O=C(CNS(=O)(=O)c1ccc(Br)cc1)NN=Cc1cccs1,24.3692569732666
O=C(C=Cc1ccc(Cl)c(C(F)(F)F)c1)NC1CCC(CN2CCc3nc4ncsc4cc3C2)CC1,35.45051193237305
O=C(CCc1coc(O)c1Cl)NCCOc1ccccc1F,32.621116638183594
Cn1c2c(c(=O)n(C)c1=O)-c1ccccc1N(CCCCO)C=N2,27.861936569213867
Cc1ccc(-n2ncc3c(SCC(=O)N4CCC5(CC4)OCCO5)ncnc32)cc1,27.263111114501953
CCCc1c(O)n2c(=NN=Cc3cccs3)[nH]nc(-c3ccco3)n2c1=O,38.78558349609375
O=C(N=c1[nH]nc(C2CC2)s1)c1ccc(N2CCCC2)c([N+](=O)[O-])c1,23.525409698486328
N#Cc1c(C(F)(F)F)nc2[nH]c(=S)[nH]c(=O)c2c1[O-],32.37832260131836
CC(C)C(O)(C(=O)NC1CC2CCC1(C)C2(C)C)c1ccccc1,28.603782653808594
CC1COc2c(N3CCNCC3)c(Cl)cc3c(=O)c(C(=O)O)cn1c23,23.61581039428711
CCOC(=O)N1CCC(NC(=O)Cn2nc(C(=O)C(F)(F)F)c3c2CCOC3)CC1,37.097347259521484
COc1cnc2ncn(-c3ccc(F)c(C(=O)N=c4cc(C(C)(C)C)o[nH]4)c3)c2c1,31.369726181030273
FC(F)(F)c1cccc(OCc2ccccc2COc2ccc3cc(C(Cc4cccnc4)(c4ccncc4)c4ccc(Cl)cc4)oc3c2)c1,47.40836715698242
CC(C)(O)C(=O)NCCc1ccc(S(=O)(=O)NC(=O)c2ccccc2)cc1,32.28567123413086
COc1ccc(NS(=O)(=O)c2cccc(C(=O)N(C)CC(=O)Nc3cc(C#N)cc(C(F)(F)F)c3)c2)cc1,33.91135025024414
O=S(=O)(c1ccc(Cl)cc1)N(Cc1nc(-c2ccccc2)no1)CC1CCCO1,26.15203857421875
COC1=CN(C)c2c(c3ccccc3n2CC(=O)Nc2cccc(F)c2)C1,35.01900100708008
O=C(c1cccn(CCCc2ccccc2)c1=O)N1CCCC1,26.357696533203125
Cc1cccc(C2c3ccccc3-n3c2c(CC(=O)NS(=O)(=O)O)c2c(Cl)cccc23)c1,52.473026275634766
CSc1cc(-c2ccccc2)c(C(=O)N(C)C)s1,21.50201416015625
Cn1nc(C(=O)Nc2ccc(S(=O)(=O)N(Cc3ccccc3)c3ccccc3)cc2)ccc1=O,26.51197052001953
O=C(Nc1ccccc1)N1CCCC(C(=O)N(Cc2ccc(Cl)cc2)C2CC2)C1,27.952896118164062
O=C(Nc1cc(Cl)ccc1N1CCOCC1)c1ccc(Cl)cc1,21.22588348388672
COc1ccccc1CCNC(=O)COc1cccc2c1CCN(Cc1ccc(C)cc1)C2=O,26.85694694519043
CCc1cc(Oc2cc(Cl)ccc2Cl)c(CC(=O)O)cc1OC,27.17776107788086
COc1cc(OC)cc(C(=O)OCCn2c([N+](=O)[O-])cnc2C)c1,21.149620056152344
O=[N+]([O-])c1ccc(N=c2nc(OCC3CCCCC3)c3[nH]cnc3[nH]2)cc1Cl,28.07343292236328
CNC(=O)CCC(NC(=O)c1ccc(-c2cccc(CN3CCOCC3)c2)s1)c1cc2c(OCCCC#N)cccc2o1,55.234458923339844
CC(CCC(=O)NC(Cc1c[nH]c2ccccc12)C(=O)NCC(=O)O)C1CCC2C3CCC4CC(O)CCC4(C)C3CCC12C,34.96273422241211
O=C(CCc1ccc(Cl)cc1)N=C(CCc1cccc2ccccc12)C(=O)O,30.558177947998047
COc1ccc(-c2nnc(SCC(=O)N3CCOCC3)o2)cc1OC,20.495594024658203
COc1ccc(-c2c[nH][nH]c2=N)cc1OC,19.714677810668945
O=C(NCC1CC1)C1CC(Cc2ccc(F)cc2)CN(C2CCC2)C1,32.42599105834961
COC1C(=O)C(n2cnc3c(=N)[nH]cnc32)CN2CSCC12,33.582550048828125
NC(=O)C(=O)CCCC1CCS(=O)(=O)C1,29.104509353637695
COc1ccc2[nH]c3c(c2c1)C(COC(=O)NC(C)C)C1C(=O)NCC1C3CC(=O)Oc1ccccc1,52.92033386230469
COCCN(CCOC)c1c(SC)cccc1S(=O)(=O)Nc1ccc(Oc2ccccc2)cc1,38.61238479614258
COc1cc(CN=c2[nH]cnc3c(C(N)=O)cc(F)cc23)cc(NC(=O)c2ccc(C(F)(F)F)cc2)c1,30.84724998474121
O=[N+]([O-])c1ccccc1-n1nnnc1COc1ccc(C2CC(c3ccc4ccccc4c3)=Nc3ccccc3N2)cc1,38.15705871582031
COc1ccc(-c2cc(Oc3ccc(F)c(Cl)c3)c3c(=N)[nH]cnc3n2)cc1,27.19813346862793
